INSERT INTO "ACCOUNT_OPENING" ("ACO_ID", "ACO_DATE", "ACO_INITIATOR", "ACO_INITIATOR_DEVICE", "ACO_LOCATION", "ACO_AC_NAME", "ACO_AC_PAN", "ACO_AC_ADDRESS", "ACO_AC_EMAIL", "ACO_AC_MOBILE", "ACO_AC_GENDER", "ACO_AC_SALUTATION", "ACO_AC_DOB", "ACO_AC_RESP_MSG", "ACO_AC_RESP_CODE", "ACO_AC_RESP_DATE", "ACO_JOINER") VALUES ('1', TO_DATE('2014-04-06 15:10:16', 'YYYY-MM-DD HH24:MI:SS'), '1', '90c0da760244dda3', '0', 'wale  ', null, 'lagos Nig', 'ade@ade.com', 'ade@ade.com', 'M', 'Mr', TO_DATE('2013-03-08 00:00:00', 'YYYY-MM-DD HH24:MI:SS'), '0029834567', '00', TO_DATE('2014-06-06 14:10:19', 'YYYY-MM-DD HH24:MI:SS'), null);
INSERT INTO "ACCOUNT_OPENING" ("ACO_ID", "ACO_DATE", "ACO_INITIATOR", "ACO_INITIATOR_DEVICE", "ACO_LOCATION", "ACO_AC_NAME", "ACO_AC_PAN", "ACO_AC_ADDRESS", "ACO_AC_EMAIL", "ACO_AC_MOBILE", "ACO_AC_GENDER", "ACO_AC_SALUTATION", "ACO_AC_DOB", "ACO_AC_RESP_MSG", "ACO_AC_RESP_CODE", "ACO_AC_RESP_DATE", "ACO_JOINER") VALUES ('61', TO_DATE('2014-06-20 19:23:59', 'YYYY-MM-DD HH24:MI:SS'), '1', '90c0da760244dda3', '0', 'wale  ', null, 'lagos Nig', 'ade@ade.com', '08034455528932', 'M', 'Mr', TO_DATE('2013-03-08 00:00:00', 'YYYY-MM-DD HH24:MI:SS'), 'System is not approved for this process !!!', '96', TO_DATE('2014-06-20 18:24:05', 'YYYY-MM-DD HH24:MI:SS'), '53a46e347f0ca');
INSERT INTO "ACCOUNT_OPENING" ("ACO_ID", "ACO_DATE", "ACO_INITIATOR", "ACO_INITIATOR_DEVICE", "ACO_LOCATION", "ACO_AC_NAME", "ACO_AC_PAN", "ACO_AC_ADDRESS", "ACO_AC_EMAIL", "ACO_AC_MOBILE", "ACO_AC_GENDER", "ACO_AC_SALUTATION", "ACO_AC_DOB", "ACO_AC_RESP_MSG", "ACO_AC_RESP_CODE", "ACO_AC_RESP_DATE", "ACO_JOINER") VALUES ('62', TO_DATE('2014-06-20 19:27:45', 'YYYY-MM-DD HH24:MI:SS'), '1', '90c0da760244dda3', '0', 'wale  ', null, 'lagos Nig', 'ade@ade.com', '08034455528932', 'M', 'Mr', TO_DATE('2013-03-08 00:00:00', 'YYYY-MM-DD HH24:MI:SS'), null, '96', TO_DATE('2014-06-20 18:27:47', 'YYYY-MM-DD HH24:MI:SS'), '53a46f13e1206');
INSERT INTO "ACCOUNT_OPENING" ("ACO_ID", "ACO_DATE", "ACO_INITIATOR", "ACO_INITIATOR_DEVICE", "ACO_LOCATION", "ACO_AC_NAME", "ACO_AC_PAN", "ACO_AC_ADDRESS", "ACO_AC_EMAIL", "ACO_AC_MOBILE", "ACO_AC_GENDER", "ACO_AC_SALUTATION", "ACO_AC_DOB", "ACO_AC_RESP_MSG", "ACO_AC_RESP_CODE", "ACO_AC_RESP_DATE", "ACO_JOINER") VALUES ('63', TO_DATE('2014-06-20 19:27:53', 'YYYY-MM-DD HH24:MI:SS'), '1', '90c0da760244dda3', '0', 'wale  ', null, 'lagos Nig', 'ade@ade.com', '08034455528932', 'M', 'Mr', TO_DATE('2013-03-08 00:00:00', 'YYYY-MM-DD HH24:MI:SS'), null, '96', TO_DATE('2014-06-20 18:27:55', 'YYYY-MM-DD HH24:MI:SS'), '53a46f1b9fc1d');
INSERT INTO "ACCOUNT_OPENING" ("ACO_ID", "ACO_DATE", "ACO_INITIATOR", "ACO_INITIATOR_DEVICE", "ACO_LOCATION", "ACO_AC_NAME", "ACO_AC_PAN", "ACO_AC_ADDRESS", "ACO_AC_EMAIL", "ACO_AC_MOBILE", "ACO_AC_GENDER", "ACO_AC_SALUTATION", "ACO_AC_DOB", "ACO_AC_RESP_MSG", "ACO_AC_RESP_CODE", "ACO_AC_RESP_DATE", "ACO_JOINER") VALUES ('64', TO_DATE('2014-06-20 19:27:59', 'YYYY-MM-DD HH24:MI:SS'), '1', '90c0da760244dda3', '0', 'wale  ', null, 'lagos Nig', 'ade@ade.com', '08034455528932', 'M', 'Mr', TO_DATE('2013-03-08 00:00:00', 'YYYY-MM-DD HH24:MI:SS'), null, '96', TO_DATE('2014-06-20 18:28:01', 'YYYY-MM-DD HH24:MI:SS'), '53a46f2166318');
INSERT INTO "ACCOUNT_OPENING" ("ACO_ID", "ACO_DATE", "ACO_INITIATOR", "ACO_INITIATOR_DEVICE", "ACO_LOCATION", "ACO_AC_NAME", "ACO_AC_PAN", "ACO_AC_ADDRESS", "ACO_AC_EMAIL", "ACO_AC_MOBILE", "ACO_AC_GENDER", "ACO_AC_SALUTATION", "ACO_AC_DOB", "ACO_AC_RESP_MSG", "ACO_AC_RESP_CODE", "ACO_AC_RESP_DATE", "ACO_JOINER") VALUES ('41', TO_DATE('2014-06-16 13:43:48', 'YYYY-MM-DD HH24:MI:SS'), '1', '90c0da760244dda3', '0', 'wale  ', null, 'lagos Nig', 'ade@ade.com', '08034455528932', 'M', 'Mr', TO_DATE('2013-03-08 00:00:00', 'YYYY-MM-DD HH24:MI:SS'), 'System is not approved for this process !!!', '96', TO_DATE('2014-06-16 12:43:51', 'YYYY-MM-DD HH24:MI:SS'), null);
INSERT INTO "ACCOUNT_OPENING" ("ACO_ID", "ACO_DATE", "ACO_INITIATOR", "ACO_INITIATOR_DEVICE", "ACO_LOCATION", "ACO_AC_NAME", "ACO_AC_PAN", "ACO_AC_ADDRESS", "ACO_AC_EMAIL", "ACO_AC_MOBILE", "ACO_AC_GENDER", "ACO_AC_SALUTATION", "ACO_AC_DOB", "ACO_AC_RESP_MSG", "ACO_AC_RESP_CODE", "ACO_AC_RESP_DATE", "ACO_JOINER") VALUES ('21', TO_DATE('2014-03-10 14:44:37', 'YYYY-MM-DD HH24:MI:SS'), '1', '90c0da760244dda3', null, null, null, null, null, null, null, null, TO_DATE('2014-06-10 14:44:37', 'YYYY-MM-DD HH24:MI:SS'), '0029834568', '00', TO_DATE('2014-06-10 14:44:37', 'YYYY-MM-DD HH24:MI:SS'), null);
INSERT INTO "ACCOUNT_OPENING" ("ACO_ID", "ACO_DATE", "ACO_INITIATOR", "ACO_INITIATOR_DEVICE", "ACO_LOCATION", "ACO_AC_NAME", "ACO_AC_PAN", "ACO_AC_ADDRESS", "ACO_AC_EMAIL", "ACO_AC_MOBILE", "ACO_AC_GENDER", "ACO_AC_SALUTATION", "ACO_AC_DOB", "ACO_AC_RESP_MSG", "ACO_AC_RESP_CODE", "ACO_AC_RESP_DATE", "ACO_JOINER") VALUES ('22', TO_DATE('2014-06-10 15:01:27', 'YYYY-MM-DD HH24:MI:SS'), '3', null, null, null, null, null, null, null, null, null, TO_DATE('2014-06-10 15:01:27', 'YYYY-MM-DD HH24:MI:SS'), '0029834569', '00', TO_DATE('2014-06-10 15:01:27', 'YYYY-MM-DD HH24:MI:SS'), null);
INSERT INTO "ACCOUNT_OPENING" ("ACO_ID", "ACO_DATE", "ACO_INITIATOR", "ACO_INITIATOR_DEVICE", "ACO_LOCATION", "ACO_AC_NAME", "ACO_AC_PAN", "ACO_AC_ADDRESS", "ACO_AC_EMAIL", "ACO_AC_MOBILE", "ACO_AC_GENDER", "ACO_AC_SALUTATION", "ACO_AC_DOB", "ACO_AC_RESP_MSG", "ACO_AC_RESP_CODE", "ACO_AC_RESP_DATE", "ACO_JOINER") VALUES ('23', TO_DATE('2014-06-10 15:01:39', 'YYYY-MM-DD HH24:MI:SS'), '3', null, null, null, null, null, null, null, null, null, TO_DATE('2014-06-10 15:01:39', 'YYYY-MM-DD HH24:MI:SS'), '0029834570', '00', TO_DATE('2014-06-10 15:01:39', 'YYYY-MM-DD HH24:MI:SS'), null);
INSERT INTO "ACCOUNT_OPENING" ("ACO_ID", "ACO_DATE", "ACO_INITIATOR", "ACO_INITIATOR_DEVICE", "ACO_LOCATION", "ACO_AC_NAME", "ACO_AC_PAN", "ACO_AC_ADDRESS", "ACO_AC_EMAIL", "ACO_AC_MOBILE", "ACO_AC_GENDER", "ACO_AC_SALUTATION", "ACO_AC_DOB", "ACO_AC_RESP_MSG", "ACO_AC_RESP_CODE", "ACO_AC_RESP_DATE", "ACO_JOINER") VALUES ('24', TO_DATE('2014-06-11 15:01:47', 'YYYY-MM-DD HH24:MI:SS'), '3', null, null, null, null, null, null, null, null, null, TO_DATE('2014-06-10 15:01:47', 'YYYY-MM-DD HH24:MI:SS'), '0029834571', '00', TO_DATE('2014-06-10 15:01:47', 'YYYY-MM-DD HH24:MI:SS'), null);


INSERT INTO "CI_SESSIONS" ("SESSION_ID", "IP_ADDRESS", "USER_AGENT", "LAST_ACTIVITY", "USER_DATA") VALUES ('b66f3630163073f952bd207fd601d46c', '::1', 'Mozilla/5.0 (Windows NT 6.2; WOW64; rv:29.0) Gecko/20100101 Firefox/29.0', '1401088776', 'a:1:{s:10:"flexi_auth";a:7:{s:15:"user_identifier";b:0;s:7:"user_id";b:0;s:5:"admin";b:0;s:5:"group";b:0;s:10:"privileges";b:0;s:22:"logged_in_via_password";b:0;s:19:"login_session_token";b:0;}}');
INSERT INTO "CI_SESSIONS" ("SESSION_ID", "IP_ADDRESS", "USER_AGENT", "LAST_ACTIVITY", "USER_DATA") VALUES ('ff7a7216bebda62e03c6eaae5aacc379', '::1', 'Mozilla/5.0 (Windows NT 6.2; WOW64) AppleWebKit/537.36 (KHTML, like Gecko) Chrome/35.0.1916.114 Safari/537.36', '1401804368', 'a:1:{s:9:"user_data";s:0:"";}');
INSERT INTO "CI_SESSIONS" ("SESSION_ID", "IP_ADDRESS", "USER_AGENT", "LAST_ACTIVITY", "USER_DATA") VALUES ('c0ed0e953dbf06daba938cbbb7e3564f', '::1', 'Mozilla/5.0 (Windows NT 6.2; WOW64) AppleWebKit/537.36 (KHTML, like Gecko) Chrome/35.0.1916.114 Safari/537.36', '1401804438', 'a:1:{s:9:"user_data";s:0:"";}');
INSERT INTO "CI_SESSIONS" ("SESSION_ID", "IP_ADDRESS", "USER_AGENT", "LAST_ACTIVITY", "USER_DATA") VALUES ('a429434786777c023790f2fec50c8bc2', '::1', 'Mozilla/5.0 (Windows NT 6.2; WOW64) AppleWebKit/537.36 (KHTML, like Gecko) Chrome/35.0.1916.114 Safari/537.36', '1401804440', 'a:1:{s:9:"user_data";s:0:"";}');
INSERT INTO "CI_SESSIONS" ("SESSION_ID", "IP_ADDRESS", "USER_AGENT", "LAST_ACTIVITY", "USER_DATA") VALUES ('fece4f168a060b6e0a96f534006db908', '::1', 'Mozilla/5.0 (Windows NT 6.2; WOW64) AppleWebKit/537.36 (KHTML, like Gecko) Chrome/35.0.1916.114 Safari/537.36', '1401804441', 'a:1:{s:9:"user_data";s:0:"";}');
INSERT INTO "CI_SESSIONS" ("SESSION_ID", "IP_ADDRESS", "USER_AGENT", "LAST_ACTIVITY", "USER_DATA") VALUES ('e36176156b4e01f6e52c52e3b339c703', '::1', 'Mozilla/5.0 (Windows NT 6.2; WOW64) AppleWebKit/537.36 (KHTML, like Gecko) Chrome/35.0.1916.114 Safari/537.36', '1401804442', 'a:1:{s:9:"user_data";s:0:"";}');
INSERT INTO "CI_SESSIONS" ("SESSION_ID", "IP_ADDRESS", "USER_AGENT", "LAST_ACTIVITY", "USER_DATA") VALUES ('df32f306d7a6f30d617619c4d5363de2', '::1', 'Mozilla/5.0 (Windows NT 6.2; WOW64) AppleWebKit/537.36 (KHTML, like Gecko) Chrome/35.0.1916.114 Safari/537.36', '1401804442', 'a:1:{s:9:"user_data";s:0:"";}');
INSERT INTO "CI_SESSIONS" ("SESSION_ID", "IP_ADDRESS", "USER_AGENT", "LAST_ACTIVITY", "USER_DATA") VALUES ('5031643b20c2fc98f4943d6940d186c5', 'fe80::6c64:9d57:d489:d6b7', 'Mozilla/5.0 (Windows NT 6.2; WOW64; rv:29.0) Gecko/20100101 Firefox/29.0', '1401804327', 'a:1:{s:10:"flexi_auth";a:7:{s:15:"user_identifier";b:0;s:7:"user_id";b:0;s:5:"admin";b:0;s:5:"group";b:0;s:10:"privileges";b:0;s:22:"logged_in_via_password";b:0;s:19:"login_session_token";b:0;}}');
INSERT INTO "CI_SESSIONS" ("SESSION_ID", "IP_ADDRESS", "USER_AGENT", "LAST_ACTIVITY", "USER_DATA") VALUES ('95e17311dfc8806c269332518f0fb19a', '::1', 'Mozilla/5.0 (Windows NT 6.2; WOW64; rv:29.0) Gecko/20100101 Firefox/29.0', '1400851535', 'a:1:{s:10:"flexi_auth";a:7:{s:15:"user_identifier";b:0;s:7:"user_id";b:0;s:5:"admin";b:0;s:5:"group";b:0;s:10:"privileges";b:0;s:22:"logged_in_via_password";b:0;s:19:"login_session_token";b:0;}}');
INSERT INTO "CI_SESSIONS" ("SESSION_ID", "IP_ADDRESS", "USER_AGENT", "LAST_ACTIVITY", "USER_DATA") VALUES ('8c72fd1cbf495d8d727b364503769235', '::1', 'Mozilla/5.0 (Windows NT 6.2; WOW64; rv:29.0) Gecko/20100101 Firefox/29.0', '1400858278', 'a:1:{s:10:"flexi_auth";a:7:{s:15:"user_identifier";b:0;s:7:"user_id";b:0;s:5:"admin";b:0;s:5:"group";b:0;s:10:"privileges";b:0;s:22:"logged_in_via_password";b:0;s:19:"login_session_token";b:0;}}');
INSERT INTO "CI_SESSIONS" ("SESSION_ID", "IP_ADDRESS", "USER_AGENT", "LAST_ACTIVITY", "USER_DATA") VALUES ('8ebf758bcde86e9efdb61d68a68af472', '::1', 'Mozilla/5.0 (Windows NT 6.2; WOW64; rv:29.0) Gecko/20100101 Firefox/29.0', '1400853543', 'a:1:{s:10:"flexi_auth";a:7:{s:15:"user_identifier";b:0;s:7:"user_id";b:0;s:5:"admin";b:0;s:5:"group";b:0;s:10:"privileges";b:0;s:22:"logged_in_via_password";b:0;s:19:"login_session_token";b:0;}}');
INSERT INTO "CI_SESSIONS" ("SESSION_ID", "IP_ADDRESS", "USER_AGENT", "LAST_ACTIVITY", "USER_DATA") VALUES ('21cb229b4402c78409fe717a9edc2370', '::1', 'Mozilla/4.0 (compatible; MSIE 7.0; Windows NT 6.2; WOW64; Trident/6.0; .NET4.0E; .NET4.0C; .NET CLR 3.5.30729; .NET CLR ', '1400853160', 'a:1:{s:10:"flexi_auth";a:7:{s:15:"user_identifier";b:0;s:7:"user_id";b:0;s:5:"admin";b:0;s:5:"group";b:0;s:10:"privileges";b:0;s:22:"logged_in_via_password";b:0;s:19:"login_session_token";b:0;}}');


INSERT INTO "CONFIG" ("CONFIG_ID", "CONFIG_KEY", "CONFIG_VALUE") VALUES ('1', 'ALLOW_TRAN_WEEKEND', '1');
INSERT INTO "CONFIG" ("CONFIG_ID", "CONFIG_KEY", "CONFIG_VALUE") VALUES ('2', 'CUSTOMER_WITHDRAWAL_LIMIT', '20000');
INSERT INTO "CONFIG" ("CONFIG_ID", "CONFIG_KEY", "CONFIG_VALUE") VALUES ('3', 'CUSTOMER_DEPOSIT_LIMIT', '10000');
INSERT INTO "CONFIG" ("CONFIG_ID", "CONFIG_KEY", "CONFIG_VALUE") VALUES ('4', 'CUSTOMER_DEPOSIT_VELOCITY_LIMIT', '5');
INSERT INTO "CONFIG" ("CONFIG_ID", "CONFIG_KEY", "CONFIG_VALUE") VALUES ('5', 'DSA_AMOUNT_LIMIT', '200000');
INSERT INTO "CONFIG" ("CONFIG_ID", "CONFIG_KEY", "CONFIG_VALUE") VALUES ('21', 'CUSTOMER_WITHDRAWAL_VELOCITY_LIMIT', '5');


INSERT INTO "DENIED_REQUEST" ("ID", "REQUEST_BODY", "REQUEST_INITIATOR", "DATE_REQUESTED", "DENIAL_REASON") VALUES ('1', 'WALE', '5000000', TO_DATE('2014-06-05 09:31:32', 'YYYY-MM-DD HH24:MI:SS'), '5');


INSERT INTO "DEVICES" ("DEVICE_ID", "DEVICE_NAME", "DEVICE_TYPE", "DEVICE_OWNER", "DEVICE_UPDATED_BY", "DEVICE_CREATED_BY", "DEVICE_DATE_CREATED", "DEVICE_STATUS", "DEVICE_STATUS_CHANGE_DATE", "DEVICE_UNIQ_ID", "DEVICE_IS_DELETED") VALUES ('6', 'iPhone5 White', 'Android', '3', '1', '1', null, '0', TO_DATE('2014-06-19 00:00:00', 'YYYY-MM-DD HH24:MI:SS'), 'Savings', '0');
INSERT INTO "DEVICES" ("DEVICE_ID", "DEVICE_NAME", "DEVICE_TYPE", "DEVICE_OWNER", "DEVICE_UPDATED_BY", "DEVICE_CREATED_BY", "DEVICE_DATE_CREATED", "DEVICE_STATUS", "DEVICE_STATUS_CHANGE_DATE", "DEVICE_UNIQ_ID", "DEVICE_IS_DELETED") VALUES ('22', 'mustie', 'BlackBerry', '29', null, '1', TO_DATE('2014-06-04 09:43:24', 'YYYY-MM-DD HH24:MI:SS'), '0', TO_DATE('2014-06-04 09:43:24', 'YYYY-MM-DD HH24:MI:SS'), 'animasaun', '0');
INSERT INTO "DEVICES" ("DEVICE_ID", "DEVICE_NAME", "DEVICE_TYPE", "DEVICE_OWNER", "DEVICE_UPDATED_BY", "DEVICE_CREATED_BY", "DEVICE_DATE_CREATED", "DEVICE_STATUS", "DEVICE_STATUS_CHANGE_DATE", "DEVICE_UNIQ_ID", "DEVICE_IS_DELETED") VALUES ('23', 'lanre david', 'BlackBerry', '4', null, '1', TO_DATE('2014-06-06 12:12:06', 'YYYY-MM-DD HH24:MI:SS'), '0', TO_DATE('2014-06-06 12:12:06', 'YYYY-MM-DD HH24:MI:SS'), 'smart phone', '0');
INSERT INTO "DEVICES" ("DEVICE_ID", "DEVICE_NAME", "DEVICE_TYPE", "DEVICE_OWNER", "DEVICE_UPDATED_BY", "DEVICE_CREATED_BY", "DEVICE_DATE_CREATED", "DEVICE_STATUS", "DEVICE_STATUS_CHANGE_DATE", "DEVICE_UNIQ_ID", "DEVICE_IS_DELETED") VALUES ('41', 'WPMob', 'WindowsPhone', '1', null, '1', TO_DATE('2014-06-24 15:56:41', 'YYYY-MM-DD HH24:MI:SS'), '1', TO_DATE('2014-06-24 15:56:41', 'YYYY-MM-DD HH24:MI:SS'), 'AC2E1DB3BD65A0588B481A00D47B21E71BCD5AF9', '0');
INSERT INTO "DEVICES" ("DEVICE_ID", "DEVICE_NAME", "DEVICE_TYPE", "DEVICE_OWNER", "DEVICE_UPDATED_BY", "DEVICE_CREATED_BY", "DEVICE_DATE_CREATED", "DEVICE_STATUS", "DEVICE_STATUS_CHANGE_DATE", "DEVICE_UNIQ_ID", "DEVICE_IS_DELETED") VALUES ('1', 'JY-G3', 'BlackBerry', '1', '1', '1', TO_DATE('2014-03-11 09:33:15', 'YYYY-MM-DD HH24:MI:SS'), '0', TO_DATE('2014-06-02 00:00:00', 'YYYY-MM-DD HH24:MI:SS'), '90c0da760244dda3', '0');
INSERT INTO "DEVICES" ("DEVICE_ID", "DEVICE_NAME", "DEVICE_TYPE", "DEVICE_OWNER", "DEVICE_UPDATED_BY", "DEVICE_CREATED_BY", "DEVICE_DATE_CREATED", "DEVICE_STATUS", "DEVICE_STATUS_CHANGE_DATE", "DEVICE_UNIQ_ID", "DEVICE_IS_DELETED") VALUES ('2', 'Atrix', 'Android', '1', '1', null, TO_DATE('2014-03-11 23:26:33', 'YYYY-MM-DD HH24:MI:SS'), '1', TO_DATE('2014-03-14 00:00:00', 'YYYY-MM-DD HH24:MI:SS'), 't5y66y', '1');
INSERT INTO "DEVICES" ("DEVICE_ID", "DEVICE_NAME", "DEVICE_TYPE", "DEVICE_OWNER", "DEVICE_UPDATED_BY", "DEVICE_CREATED_BY", "DEVICE_DATE_CREATED", "DEVICE_STATUS", "DEVICE_STATUS_CHANGE_DATE", "DEVICE_UNIQ_ID", "DEVICE_IS_DELETED") VALUES ('3', 's10', 'memo', null, null, '1', null, '1', null, 'y5gf7t6', '1');
INSERT INTO "DEVICES" ("DEVICE_ID", "DEVICE_NAME", "DEVICE_TYPE", "DEVICE_OWNER", "DEVICE_UPDATED_BY", "DEVICE_CREATED_BY", "DEVICE_DATE_CREATED", "DEVICE_STATUS", "DEVICE_STATUS_CHANGE_DATE", "DEVICE_UNIQ_ID", "DEVICE_IS_DELETED") VALUES ('4', 'Sony P990x', 'Android', '41', '1', '1', null, '1', TO_DATE('2014-06-03 00:00:00', 'YYYY-MM-DD HH24:MI:SS'), 'ALKO-uim-umi', '0');
INSERT INTO "DEVICES" ("DEVICE_ID", "DEVICE_NAME", "DEVICE_TYPE", "DEVICE_OWNER", "DEVICE_UPDATED_BY", "DEVICE_CREATED_BY", "DEVICE_DATE_CREATED", "DEVICE_STATUS", "DEVICE_STATUS_CHANGE_DATE", "DEVICE_UNIQ_ID", "DEVICE_IS_DELETED") VALUES ('5', 'S4 Samsung', 'Android', '1', '1', '1', TO_DATE('2014-04-08 13:00:16', 'YYYY-MM-DD HH24:MI:SS'), '0', TO_DATE('2014-06-03 00:00:00', 'YYYY-MM-DD HH24:MI:SS'), '232211', '0');
INSERT INTO "DEVICES" ("DEVICE_ID", "DEVICE_NAME", "DEVICE_TYPE", "DEVICE_OWNER", "DEVICE_UPDATED_BY", "DEVICE_CREATED_BY", "DEVICE_DATE_CREATED", "DEVICE_STATUS", "DEVICE_STATUS_CHANGE_DATE", "DEVICE_UNIQ_ID", "DEVICE_IS_DELETED") VALUES ('21', 'james akpoz', 'WindowsPhone', '3', '1', '1', TO_DATE('2014-06-03 11:22:19', 'YYYY-MM-DD HH24:MI:SS'), '0', TO_DATE('2014-06-19 00:00:00', 'YYYY-MM-DD HH24:MI:SS'), 'jammy akpo', '0');


INSERT INTO "EAUDIT" ("EAUDIT_ID", "EAUDIT_EVENT", "EAUDIT_MESSAGE", "EAUDIT_DATE", "EAUDIT_UACC_FK", "EAUDIT_TRAN_FK") VALUES ('202', 'FAILED LOGIN', 'INVALID LOGIN CREDENTIALS', TO_DATE('2014-06-24 11:45:01', 'YYYY-MM-DD HH24:MI:SS'), 'admin', null);
INSERT INTO "EAUDIT" ("EAUDIT_ID", "EAUDIT_EVENT", "EAUDIT_MESSAGE", "EAUDIT_DATE", "EAUDIT_UACC_FK", "EAUDIT_TRAN_FK") VALUES ('229', 'LOGIN', 'LOGIN OK', TO_DATE('2014-06-24 17:15:27', 'YYYY-MM-DD HH24:MI:SS'), 'admin', null);
INSERT INTO "EAUDIT" ("EAUDIT_ID", "EAUDIT_EVENT", "EAUDIT_MESSAGE", "EAUDIT_DATE", "EAUDIT_UACC_FK", "EAUDIT_TRAN_FK") VALUES ('230', 'LOGOUT', 'LOGOUT OK', TO_DATE('2014-06-24 17:15:27', 'YYYY-MM-DD HH24:MI:SS'), 'admin', null);
INSERT INTO "EAUDIT" ("EAUDIT_ID", "EAUDIT_EVENT", "EAUDIT_MESSAGE", "EAUDIT_DATE", "EAUDIT_UACC_FK", "EAUDIT_TRAN_FK") VALUES ('233', 'FAILED LOGIN', 'INVALID LOGIN CREDENTIALS', TO_DATE('2014-06-24 18:05:30', 'YYYY-MM-DD HH24:MI:SS'), null, null);
INSERT INTO "EAUDIT" ("EAUDIT_ID", "EAUDIT_EVENT", "EAUDIT_MESSAGE", "EAUDIT_DATE", "EAUDIT_UACC_FK", "EAUDIT_TRAN_FK") VALUES ('234', 'LOGIN', 'LOGIN OK', TO_DATE('2014-06-24 18:10:24', 'YYYY-MM-DD HH24:MI:SS'), 'admin', null);
INSERT INTO "EAUDIT" ("EAUDIT_ID", "EAUDIT_EVENT", "EAUDIT_MESSAGE", "EAUDIT_DATE", "EAUDIT_UACC_FK", "EAUDIT_TRAN_FK") VALUES ('235', 'LOGOUT', 'LOGOUT OK', TO_DATE('2014-06-24 18:10:24', 'YYYY-MM-DD HH24:MI:SS'), 'admin', null);
INSERT INTO "EAUDIT" ("EAUDIT_ID", "EAUDIT_EVENT", "EAUDIT_MESSAGE", "EAUDIT_DATE", "EAUDIT_UACC_FK", "EAUDIT_TRAN_FK") VALUES ('146', 'LOGOUT', 'LOGOUT OK', TO_DATE('2014-06-19 19:35:24', 'YYYY-MM-DD HH24:MI:SS'), 'public', null);
INSERT INTO "EAUDIT" ("EAUDIT_ID", "EAUDIT_EVENT", "EAUDIT_MESSAGE", "EAUDIT_DATE", "EAUDIT_UACC_FK", "EAUDIT_TRAN_FK") VALUES ('80', 'LOGOUT', 'LOGOUT OK', TO_DATE('2014-06-18 17:55:06', 'YYYY-MM-DD HH24:MI:SS'), 'public', null);
INSERT INTO "EAUDIT" ("EAUDIT_ID", "EAUDIT_EVENT", "EAUDIT_MESSAGE", "EAUDIT_DATE", "EAUDIT_UACC_FK", "EAUDIT_TRAN_FK") VALUES ('81', 'LOGIN', 'LOGIN OK', TO_DATE('2014-06-18 17:55:24', 'YYYY-MM-DD HH24:MI:SS'), 'public', null);
INSERT INTO "EAUDIT" ("EAUDIT_ID", "EAUDIT_EVENT", "EAUDIT_MESSAGE", "EAUDIT_DATE", "EAUDIT_UACC_FK", "EAUDIT_TRAN_FK") VALUES ('192', 'FAILED LOGIN', 'INVALID LOGIN CREDENTIALS', TO_DATE('2014-06-22 07:50:45', 'YYYY-MM-DD HH24:MI:SS'), '0', null);
INSERT INTO "EAUDIT" ("EAUDIT_ID", "EAUDIT_EVENT", "EAUDIT_MESSAGE", "EAUDIT_DATE", "EAUDIT_UACC_FK", "EAUDIT_TRAN_FK") VALUES ('315', 'LOGIN', 'LOGIN OK', TO_DATE('2014-06-25 20:40:29', 'YYYY-MM-DD HH24:MI:SS'), 'admin', null);
INSERT INTO "EAUDIT" ("EAUDIT_ID", "EAUDIT_EVENT", "EAUDIT_MESSAGE", "EAUDIT_DATE", "EAUDIT_UACC_FK", "EAUDIT_TRAN_FK") VALUES ('316', 'LOGOUT', 'LOGOUT OK', TO_DATE('2014-06-25 20:40:29', 'YYYY-MM-DD HH24:MI:SS'), 'admin', null);
INSERT INTO "EAUDIT" ("EAUDIT_ID", "EAUDIT_EVENT", "EAUDIT_MESSAGE", "EAUDIT_DATE", "EAUDIT_UACC_FK", "EAUDIT_TRAN_FK") VALUES ('319', 'LOGIN', 'LOGIN OK', TO_DATE('2014-06-25 21:20:07', 'YYYY-MM-DD HH24:MI:SS'), 'admin', null);
INSERT INTO "EAUDIT" ("EAUDIT_ID", "EAUDIT_EVENT", "EAUDIT_MESSAGE", "EAUDIT_DATE", "EAUDIT_UACC_FK", "EAUDIT_TRAN_FK") VALUES ('320', 'LOGOUT', 'LOGOUT OK', TO_DATE('2014-06-25 21:20:07', 'YYYY-MM-DD HH24:MI:SS'), 'admin', null);
INSERT INTO "EAUDIT" ("EAUDIT_ID", "EAUDIT_EVENT", "EAUDIT_MESSAGE", "EAUDIT_DATE", "EAUDIT_UACC_FK", "EAUDIT_TRAN_FK") VALUES ('323', 'LOGIN', 'LOGIN OK', TO_DATE('2014-06-26 12:10:10', 'YYYY-MM-DD HH24:MI:SS'), 'admin', null);
INSERT INTO "EAUDIT" ("EAUDIT_ID", "EAUDIT_EVENT", "EAUDIT_MESSAGE", "EAUDIT_DATE", "EAUDIT_UACC_FK", "EAUDIT_TRAN_FK") VALUES ('324', 'LOGOUT', 'LOGOUT OK', TO_DATE('2014-06-26 12:10:10', 'YYYY-MM-DD HH24:MI:SS'), 'admin', null);
INSERT INTO "EAUDIT" ("EAUDIT_ID", "EAUDIT_EVENT", "EAUDIT_MESSAGE", "EAUDIT_DATE", "EAUDIT_UACC_FK", "EAUDIT_TRAN_FK") VALUES ('327', 'LOGIN', 'LOGIN OK', TO_DATE('2014-06-26 14:15:16', 'YYYY-MM-DD HH24:MI:SS'), 'admin', null);
INSERT INTO "EAUDIT" ("EAUDIT_ID", "EAUDIT_EVENT", "EAUDIT_MESSAGE", "EAUDIT_DATE", "EAUDIT_UACC_FK", "EAUDIT_TRAN_FK") VALUES ('328', 'LOGOUT', 'LOGOUT OK', TO_DATE('2014-06-26 14:15:16', 'YYYY-MM-DD HH24:MI:SS'), 'admin', null);
INSERT INTO "EAUDIT" ("EAUDIT_ID", "EAUDIT_EVENT", "EAUDIT_MESSAGE", "EAUDIT_DATE", "EAUDIT_UACC_FK", "EAUDIT_TRAN_FK") VALUES ('331', 'LOGIN', 'LOGIN OK', TO_DATE('2014-06-26 14:45:30', 'YYYY-MM-DD HH24:MI:SS'), 'admin', null);
INSERT INTO "EAUDIT" ("EAUDIT_ID", "EAUDIT_EVENT", "EAUDIT_MESSAGE", "EAUDIT_DATE", "EAUDIT_UACC_FK", "EAUDIT_TRAN_FK") VALUES ('332', 'LOGOUT', 'LOGOUT OK', TO_DATE('2014-06-26 14:45:30', 'YYYY-MM-DD HH24:MI:SS'), 'admin', null);
INSERT INTO "EAUDIT" ("EAUDIT_ID", "EAUDIT_EVENT", "EAUDIT_MESSAGE", "EAUDIT_DATE", "EAUDIT_UACC_FK", "EAUDIT_TRAN_FK") VALUES ('343', 'LOGIN', 'LOGIN OK', TO_DATE('2014-06-26 16:33:47', 'YYYY-MM-DD HH24:MI:SS'), 'admin', null);
INSERT INTO "EAUDIT" ("EAUDIT_ID", "EAUDIT_EVENT", "EAUDIT_MESSAGE", "EAUDIT_DATE", "EAUDIT_UACC_FK", "EAUDIT_TRAN_FK") VALUES ('344', 'LOGOUT', 'LOGOUT OK', TO_DATE('2014-06-26 16:33:47', 'YYYY-MM-DD HH24:MI:SS'), 'admin', null);
INSERT INTO "EAUDIT" ("EAUDIT_ID", "EAUDIT_EVENT", "EAUDIT_MESSAGE", "EAUDIT_DATE", "EAUDIT_UACC_FK", "EAUDIT_TRAN_FK") VALUES ('345', 'LOGIN', 'LOGIN OK', TO_DATE('2014-06-26 16:55:33', 'YYYY-MM-DD HH24:MI:SS'), 'admin', null);
INSERT INTO "EAUDIT" ("EAUDIT_ID", "EAUDIT_EVENT", "EAUDIT_MESSAGE", "EAUDIT_DATE", "EAUDIT_UACC_FK", "EAUDIT_TRAN_FK") VALUES ('346', 'LOGOUT', 'LOGOUT OK', TO_DATE('2014-06-26 16:55:33', 'YYYY-MM-DD HH24:MI:SS'), 'admin', null);
INSERT INTO "EAUDIT" ("EAUDIT_ID", "EAUDIT_EVENT", "EAUDIT_MESSAGE", "EAUDIT_DATE", "EAUDIT_UACC_FK", "EAUDIT_TRAN_FK") VALUES ('71', 'LOGIN', 'LOGIN OK', TO_DATE('2014-06-18 11:52:04', 'YYYY-MM-DD HH24:MI:SS'), 'admin', null);
INSERT INTO "EAUDIT" ("EAUDIT_ID", "EAUDIT_EVENT", "EAUDIT_MESSAGE", "EAUDIT_DATE", "EAUDIT_UACC_FK", "EAUDIT_TRAN_FK") VALUES ('77', 'LOGIN', 'LOGIN OK', TO_DATE('2014-06-18 17:53:43', 'YYYY-MM-DD HH24:MI:SS'), 'public', null);
INSERT INTO "EAUDIT" ("EAUDIT_ID", "EAUDIT_EVENT", "EAUDIT_MESSAGE", "EAUDIT_DATE", "EAUDIT_UACC_FK", "EAUDIT_TRAN_FK") VALUES ('78', 'LOGOUT', 'LOGOUT OK', TO_DATE('2014-06-18 17:54:18', 'YYYY-MM-DD HH24:MI:SS'), 'public', null);
INSERT INTO "EAUDIT" ("EAUDIT_ID", "EAUDIT_EVENT", "EAUDIT_MESSAGE", "EAUDIT_DATE", "EAUDIT_UACC_FK", "EAUDIT_TRAN_FK") VALUES ('79', 'LOGIN', 'LOGIN OK', TO_DATE('2014-06-18 17:54:28', 'YYYY-MM-DD HH24:MI:SS'), 'public', null);
INSERT INTO "EAUDIT" ("EAUDIT_ID", "EAUDIT_EVENT", "EAUDIT_MESSAGE", "EAUDIT_DATE", "EAUDIT_UACC_FK", "EAUDIT_TRAN_FK") VALUES ('152', 'LOGIN', 'LOGIN OK', TO_DATE('2014-06-20 08:26:26', 'YYYY-MM-DD HH24:MI:SS'), 'public', null);
INSERT INTO "EAUDIT" ("EAUDIT_ID", "EAUDIT_EVENT", "EAUDIT_MESSAGE", "EAUDIT_DATE", "EAUDIT_UACC_FK", "EAUDIT_TRAN_FK") VALUES ('153', 'LOGIN', 'LOGIN OK', TO_DATE('2014-06-20 08:32:15', 'YYYY-MM-DD HH24:MI:SS'), 'admin', null);
INSERT INTO "EAUDIT" ("EAUDIT_ID", "EAUDIT_EVENT", "EAUDIT_MESSAGE", "EAUDIT_DATE", "EAUDIT_UACC_FK", "EAUDIT_TRAN_FK") VALUES ('154', 'LOGOUT', 'LOGOUT OK', TO_DATE('2014-06-20 08:45:57', 'YYYY-MM-DD HH24:MI:SS'), 'public', null);
INSERT INTO "EAUDIT" ("EAUDIT_ID", "EAUDIT_EVENT", "EAUDIT_MESSAGE", "EAUDIT_DATE", "EAUDIT_UACC_FK", "EAUDIT_TRAN_FK") VALUES ('155', 'LOGIN', 'LOGIN OK', TO_DATE('2014-06-20 08:45:59', 'YYYY-MM-DD HH24:MI:SS'), 'public', null);
INSERT INTO "EAUDIT" ("EAUDIT_ID", "EAUDIT_EVENT", "EAUDIT_MESSAGE", "EAUDIT_DATE", "EAUDIT_UACC_FK", "EAUDIT_TRAN_FK") VALUES ('156', 'DEVICE DISABLED', 'DEVICE DISABLED', TO_DATE('2014-06-20 09:00:43', 'YYYY-MM-DD HH24:MI:SS'), '3', null);
INSERT INTO "EAUDIT" ("EAUDIT_ID", "EAUDIT_EVENT", "EAUDIT_MESSAGE", "EAUDIT_DATE", "EAUDIT_UACC_FK", "EAUDIT_TRAN_FK") VALUES ('157', 'DEVICE DISABLED', 'DEVICE DISABLED', TO_DATE('2014-06-20 09:04:51', 'YYYY-MM-DD HH24:MI:SS'), 'public', null);
INSERT INTO "EAUDIT" ("EAUDIT_ID", "EAUDIT_EVENT", "EAUDIT_MESSAGE", "EAUDIT_DATE", "EAUDIT_UACC_FK", "EAUDIT_TRAN_FK") VALUES ('158', 'DEVICE DISABLED', 'DEVICE DISABLED', TO_DATE('2014-06-20 09:04:51', 'YYYY-MM-DD HH24:MI:SS'), 'public', null);
INSERT INTO "EAUDIT" ("EAUDIT_ID", "EAUDIT_EVENT", "EAUDIT_MESSAGE", "EAUDIT_DATE", "EAUDIT_UACC_FK", "EAUDIT_TRAN_FK") VALUES ('159', 'LOGIN', 'LOGIN OK', TO_DATE('2014-06-20 09:09:54', 'YYYY-MM-DD HH24:MI:SS'), 'admin', null);
INSERT INTO "EAUDIT" ("EAUDIT_ID", "EAUDIT_EVENT", "EAUDIT_MESSAGE", "EAUDIT_DATE", "EAUDIT_UACC_FK", "EAUDIT_TRAN_FK") VALUES ('160', 'DEPOSIT', 'Service Unavailable', TO_DATE('2014-06-20 09:09:54', 'YYYY-MM-DD HH24:MI:SS'), 'admin', '53a3de4276d80');
INSERT INTO "EAUDIT" ("EAUDIT_ID", "EAUDIT_EVENT", "EAUDIT_MESSAGE", "EAUDIT_DATE", "EAUDIT_UACC_FK", "EAUDIT_TRAN_FK") VALUES ('161', 'LOGOUT', 'LOGOUT OK', TO_DATE('2014-06-20 09:09:54', 'YYYY-MM-DD HH24:MI:SS'), 'admin', null);
INSERT INTO "EAUDIT" ("EAUDIT_ID", "EAUDIT_EVENT", "EAUDIT_MESSAGE", "EAUDIT_DATE", "EAUDIT_UACC_FK", "EAUDIT_TRAN_FK") VALUES ('162', 'LOGIN', 'LOGIN OK', TO_DATE('2014-06-20 09:15:55', 'YYYY-MM-DD HH24:MI:SS'), 'admin', null);
INSERT INTO "EAUDIT" ("EAUDIT_ID", "EAUDIT_EVENT", "EAUDIT_MESSAGE", "EAUDIT_DATE", "EAUDIT_UACC_FK", "EAUDIT_TRAN_FK") VALUES ('163', 'DEPOSIT', 'DEPOSIT OF NGN100.0 COMPLETE', TO_DATE('2014-06-20 09:16:01', 'YYYY-MM-DD HH24:MI:SS'), 'admin', '53a3dfabf1bdc');
INSERT INTO "EAUDIT" ("EAUDIT_ID", "EAUDIT_EVENT", "EAUDIT_MESSAGE", "EAUDIT_DATE", "EAUDIT_UACC_FK", "EAUDIT_TRAN_FK") VALUES ('164', 'LOGOUT', 'LOGOUT OK', TO_DATE('2014-06-20 09:16:02', 'YYYY-MM-DD HH24:MI:SS'), 'admin', null);
INSERT INTO "EAUDIT" ("EAUDIT_ID", "EAUDIT_EVENT", "EAUDIT_MESSAGE", "EAUDIT_DATE", "EAUDIT_UACC_FK", "EAUDIT_TRAN_FK") VALUES ('165', 'LOGOUT', 'LOGOUT OK', TO_DATE('2014-06-20 09:21:15', 'YYYY-MM-DD HH24:MI:SS'), '0', null);
INSERT INTO "EAUDIT" ("EAUDIT_ID", "EAUDIT_EVENT", "EAUDIT_MESSAGE", "EAUDIT_DATE", "EAUDIT_UACC_FK", "EAUDIT_TRAN_FK") VALUES ('166', 'LOGIN', 'LOGIN OK', TO_DATE('2014-06-20 09:21:17', 'YYYY-MM-DD HH24:MI:SS'), 'public', null);
INSERT INTO "EAUDIT" ("EAUDIT_ID", "EAUDIT_EVENT", "EAUDIT_MESSAGE", "EAUDIT_DATE", "EAUDIT_UACC_FK", "EAUDIT_TRAN_FK") VALUES ('167', 'DEVICE DISABLED', 'DEVICE 6 DISABLED', TO_DATE('2014-06-20 09:21:47', 'YYYY-MM-DD HH24:MI:SS'), 'public', null);
INSERT INTO "EAUDIT" ("EAUDIT_ID", "EAUDIT_EVENT", "EAUDIT_MESSAGE", "EAUDIT_DATE", "EAUDIT_UACC_FK", "EAUDIT_TRAN_FK") VALUES ('168', 'DEVICE DISABLED', 'DEVICE 21 DISABLED', TO_DATE('2014-06-20 09:21:47', 'YYYY-MM-DD HH24:MI:SS'), 'public', null);
INSERT INTO "EAUDIT" ("EAUDIT_ID", "EAUDIT_EVENT", "EAUDIT_MESSAGE", "EAUDIT_DATE", "EAUDIT_UACC_FK", "EAUDIT_TRAN_FK") VALUES ('169', 'DEVICE DISABLED', 'DEVICE 6 DISABLED', TO_DATE('2014-06-20 09:22:37', 'YYYY-MM-DD HH24:MI:SS'), 'public', '6');
INSERT INTO "EAUDIT" ("EAUDIT_ID", "EAUDIT_EVENT", "EAUDIT_MESSAGE", "EAUDIT_DATE", "EAUDIT_UACC_FK", "EAUDIT_TRAN_FK") VALUES ('170', 'DEVICE DISABLED', 'DEVICE 21 DISABLED', TO_DATE('2014-06-20 09:22:37', 'YYYY-MM-DD HH24:MI:SS'), 'public', '21');
INSERT INTO "EAUDIT" ("EAUDIT_ID", "EAUDIT_EVENT", "EAUDIT_MESSAGE", "EAUDIT_DATE", "EAUDIT_UACC_FK", "EAUDIT_TRAN_FK") VALUES ('171', 'LOGIN', 'LOGIN OK', TO_DATE('2014-06-20 09:23:46', 'YYYY-MM-DD HH24:MI:SS'), 'admin', null);
INSERT INTO "EAUDIT" ("EAUDIT_ID", "EAUDIT_EVENT", "EAUDIT_MESSAGE", "EAUDIT_DATE", "EAUDIT_UACC_FK", "EAUDIT_TRAN_FK") VALUES ('172', 'DEVICE DISABLED', 'DEVICE 4 DISABLED', TO_DATE('2014-06-20 09:24:00', 'YYYY-MM-DD HH24:MI:SS'), 'admin', '4');
INSERT INTO "EAUDIT" ("EAUDIT_ID", "EAUDIT_EVENT", "EAUDIT_MESSAGE", "EAUDIT_DATE", "EAUDIT_UACC_FK", "EAUDIT_TRAN_FK") VALUES ('173', 'DEVICE ENABLED', 'DEVICE 4 ENABLED', TO_DATE('2014-06-20 09:24:18', 'YYYY-MM-DD HH24:MI:SS'), 'admin', '4');
INSERT INTO "EAUDIT" ("EAUDIT_ID", "EAUDIT_EVENT", "EAUDIT_MESSAGE", "EAUDIT_DATE", "EAUDIT_UACC_FK", "EAUDIT_TRAN_FK") VALUES ('174', 'LOGIN FAILED', 'INVALID PASSWORD', TO_DATE('2014-06-20 13:22:53', 'YYYY-MM-DD HH24:MI:SS'), 'admin', null);
INSERT INTO "EAUDIT" ("EAUDIT_ID", "EAUDIT_EVENT", "EAUDIT_MESSAGE", "EAUDIT_DATE", "EAUDIT_UACC_FK", "EAUDIT_TRAN_FK") VALUES ('175', 'LOGIN', 'LOGIN OK', TO_DATE('2014-06-20 13:23:02', 'YYYY-MM-DD HH24:MI:SS'), 'admin', null);
INSERT INTO "EAUDIT" ("EAUDIT_ID", "EAUDIT_EVENT", "EAUDIT_MESSAGE", "EAUDIT_DATE", "EAUDIT_UACC_FK", "EAUDIT_TRAN_FK") VALUES ('176', 'LOGIN', 'LOGIN OK', TO_DATE('2014-06-20 14:09:14', 'YYYY-MM-DD HH24:MI:SS'), 'public', null);
INSERT INTO "EAUDIT" ("EAUDIT_ID", "EAUDIT_EVENT", "EAUDIT_MESSAGE", "EAUDIT_DATE", "EAUDIT_UACC_FK", "EAUDIT_TRAN_FK") VALUES ('177', 'LOGIN', 'LOGIN OK', TO_DATE('2014-06-20 19:23:58', 'YYYY-MM-DD HH24:MI:SS'), 'admin', null);
INSERT INTO "EAUDIT" ("EAUDIT_ID", "EAUDIT_EVENT", "EAUDIT_MESSAGE", "EAUDIT_DATE", "EAUDIT_UACC_FK", "EAUDIT_TRAN_FK") VALUES ('178', 'ACCOUNT OPENING', 'System is not approved for this process !!!', TO_DATE('2014-06-20 19:24:04', 'YYYY-MM-DD HH24:MI:SS'), 'admin', '53a46e347f0ca');
INSERT INTO "EAUDIT" ("EAUDIT_ID", "EAUDIT_EVENT", "EAUDIT_MESSAGE", "EAUDIT_DATE", "EAUDIT_UACC_FK", "EAUDIT_TRAN_FK") VALUES ('179', 'LOGOUT', 'LOGOUT OK', TO_DATE('2014-06-20 19:24:05', 'YYYY-MM-DD HH24:MI:SS'), 'admin', null);
INSERT INTO "EAUDIT" ("EAUDIT_ID", "EAUDIT_EVENT", "EAUDIT_MESSAGE", "EAUDIT_DATE", "EAUDIT_UACC_FK", "EAUDIT_TRAN_FK") VALUES ('180', 'LOGIN', 'LOGIN OK', TO_DATE('2014-06-20 19:27:27', 'YYYY-MM-DD HH24:MI:SS'), 'admin', null);
INSERT INTO "EAUDIT" ("EAUDIT_ID", "EAUDIT_EVENT", "EAUDIT_MESSAGE", "EAUDIT_DATE", "EAUDIT_UACC_FK", "EAUDIT_TRAN_FK") VALUES ('181', 'LOGIN AUTHORIZATION FAILED', 'INVALID OTP SUPPLIED, ', TO_DATE('2014-06-20 19:27:27', 'YYYY-MM-DD HH24:MI:SS'), 'admin', null);
INSERT INTO "EAUDIT" ("EAUDIT_ID", "EAUDIT_EVENT", "EAUDIT_MESSAGE", "EAUDIT_DATE", "EAUDIT_UACC_FK", "EAUDIT_TRAN_FK") VALUES ('182', 'LOGOUT', 'LOGOUT OK', TO_DATE('2014-06-20 19:27:27', 'YYYY-MM-DD HH24:MI:SS'), 'admin', null);
INSERT INTO "EAUDIT" ("EAUDIT_ID", "EAUDIT_EVENT", "EAUDIT_MESSAGE", "EAUDIT_DATE", "EAUDIT_UACC_FK", "EAUDIT_TRAN_FK") VALUES ('183', 'LOGIN', 'LOGIN OK', TO_DATE('2014-06-20 19:27:45', 'YYYY-MM-DD HH24:MI:SS'), 'admin', null);
INSERT INTO "EAUDIT" ("EAUDIT_ID", "EAUDIT_EVENT", "EAUDIT_MESSAGE", "EAUDIT_DATE", "EAUDIT_UACC_FK", "EAUDIT_TRAN_FK") VALUES ('184', 'ACCOUNT OPENING', null, TO_DATE('2014-06-20 19:27:47', 'YYYY-MM-DD HH24:MI:SS'), 'admin', '53a46f13e1206');
INSERT INTO "EAUDIT" ("EAUDIT_ID", "EAUDIT_EVENT", "EAUDIT_MESSAGE", "EAUDIT_DATE", "EAUDIT_UACC_FK", "EAUDIT_TRAN_FK") VALUES ('185', 'LOGOUT', 'LOGOUT OK', TO_DATE('2014-06-20 19:27:47', 'YYYY-MM-DD HH24:MI:SS'), 'admin', null);
INSERT INTO "EAUDIT" ("EAUDIT_ID", "EAUDIT_EVENT", "EAUDIT_MESSAGE", "EAUDIT_DATE", "EAUDIT_UACC_FK", "EAUDIT_TRAN_FK") VALUES ('186', 'LOGIN', 'LOGIN OK', TO_DATE('2014-06-20 19:27:53', 'YYYY-MM-DD HH24:MI:SS'), 'admin', null);
INSERT INTO "EAUDIT" ("EAUDIT_ID", "EAUDIT_EVENT", "EAUDIT_MESSAGE", "EAUDIT_DATE", "EAUDIT_UACC_FK", "EAUDIT_TRAN_FK") VALUES ('187', 'ACCOUNT OPENING', null, TO_DATE('2014-06-20 19:27:55', 'YYYY-MM-DD HH24:MI:SS'), 'admin', '53a46f1b9fc1d');
INSERT INTO "EAUDIT" ("EAUDIT_ID", "EAUDIT_EVENT", "EAUDIT_MESSAGE", "EAUDIT_DATE", "EAUDIT_UACC_FK", "EAUDIT_TRAN_FK") VALUES ('188', 'LOGOUT', 'LOGOUT OK', TO_DATE('2014-06-20 19:27:55', 'YYYY-MM-DD HH24:MI:SS'), 'admin', null);
INSERT INTO "EAUDIT" ("EAUDIT_ID", "EAUDIT_EVENT", "EAUDIT_MESSAGE", "EAUDIT_DATE", "EAUDIT_UACC_FK", "EAUDIT_TRAN_FK") VALUES ('189', 'LOGIN', 'LOGIN OK', TO_DATE('2014-06-20 19:27:59', 'YYYY-MM-DD HH24:MI:SS'), 'admin', null);
INSERT INTO "EAUDIT" ("EAUDIT_ID", "EAUDIT_EVENT", "EAUDIT_MESSAGE", "EAUDIT_DATE", "EAUDIT_UACC_FK", "EAUDIT_TRAN_FK") VALUES ('190', 'ACCOUNT OPENING', null, TO_DATE('2014-06-20 19:28:01', 'YYYY-MM-DD HH24:MI:SS'), 'admin', '53a46f2166318');
INSERT INTO "EAUDIT" ("EAUDIT_ID", "EAUDIT_EVENT", "EAUDIT_MESSAGE", "EAUDIT_DATE", "EAUDIT_UACC_FK", "EAUDIT_TRAN_FK") VALUES ('191', 'LOGOUT', 'LOGOUT OK', TO_DATE('2014-06-20 19:28:01', 'YYYY-MM-DD HH24:MI:SS'), 'admin', null);
INSERT INTO "EAUDIT" ("EAUDIT_ID", "EAUDIT_EVENT", "EAUDIT_MESSAGE", "EAUDIT_DATE", "EAUDIT_UACC_FK", "EAUDIT_TRAN_FK") VALUES ('194', 'LOGIN', 'LOGIN OK', TO_DATE('2014-06-22 07:52:27', 'YYYY-MM-DD HH24:MI:SS'), 'admin', null);
INSERT INTO "EAUDIT" ("EAUDIT_ID", "EAUDIT_EVENT", "EAUDIT_MESSAGE", "EAUDIT_DATE", "EAUDIT_UACC_FK", "EAUDIT_TRAN_FK") VALUES ('195', 'AUTHORIZATION FAILED', 'DEVICE NOT AUTHORIZED', TO_DATE('2014-06-22 07:52:27', 'YYYY-MM-DD HH24:MI:SS'), 'admin', null);
INSERT INTO "EAUDIT" ("EAUDIT_ID", "EAUDIT_EVENT", "EAUDIT_MESSAGE", "EAUDIT_DATE", "EAUDIT_UACC_FK", "EAUDIT_TRAN_FK") VALUES ('196', 'FAILED LOGIN', 'INVALID LOGIN CREDENTIALS', TO_DATE('2014-06-22 07:52:46', 'YYYY-MM-DD HH24:MI:SS'), 'admian', null);
INSERT INTO "EAUDIT" ("EAUDIT_ID", "EAUDIT_EVENT", "EAUDIT_MESSAGE", "EAUDIT_DATE", "EAUDIT_UACC_FK", "EAUDIT_TRAN_FK") VALUES ('201', 'FAILED LOGIN', 'INVALID LOGIN CREDENTIALS', TO_DATE('2014-06-24 11:44:43', 'YYYY-MM-DD HH24:MI:SS'), 'admin', null);
INSERT INTO "EAUDIT" ("EAUDIT_ID", "EAUDIT_EVENT", "EAUDIT_MESSAGE", "EAUDIT_DATE", "EAUDIT_UACC_FK", "EAUDIT_TRAN_FK") VALUES ('203', 'FAILED LOGIN', 'INVALID LOGIN CREDENTIALS', TO_DATE('2014-06-24 12:09:19', 'YYYY-MM-DD HH24:MI:SS'), null, null);
INSERT INTO "EAUDIT" ("EAUDIT_ID", "EAUDIT_EVENT", "EAUDIT_MESSAGE", "EAUDIT_DATE", "EAUDIT_UACC_FK", "EAUDIT_TRAN_FK") VALUES ('204', 'FAILED LOGIN', 'INVALID LOGIN CREDENTIALS', TO_DATE('2014-06-24 12:13:46', 'YYYY-MM-DD HH24:MI:SS'), null, null);
INSERT INTO "EAUDIT" ("EAUDIT_ID", "EAUDIT_EVENT", "EAUDIT_MESSAGE", "EAUDIT_DATE", "EAUDIT_UACC_FK", "EAUDIT_TRAN_FK") VALUES ('205', 'FAILED LOGIN', 'INVALID LOGIN CREDENTIALS', TO_DATE('2014-06-24 12:13:48', 'YYYY-MM-DD HH24:MI:SS'), '0', null);
INSERT INTO "EAUDIT" ("EAUDIT_ID", "EAUDIT_EVENT", "EAUDIT_MESSAGE", "EAUDIT_DATE", "EAUDIT_UACC_FK", "EAUDIT_TRAN_FK") VALUES ('206', 'FAILED LOGIN', 'INVALID LOGIN CREDENTIALS', TO_DATE('2014-06-24 12:14:04', 'YYYY-MM-DD HH24:MI:SS'), '0', null);
INSERT INTO "EAUDIT" ("EAUDIT_ID", "EAUDIT_EVENT", "EAUDIT_MESSAGE", "EAUDIT_DATE", "EAUDIT_UACC_FK", "EAUDIT_TRAN_FK") VALUES ('207', 'LOGIN', 'LOGIN OK', TO_DATE('2014-06-24 13:36:19', 'YYYY-MM-DD HH24:MI:SS'), 'admin', null);
INSERT INTO "EAUDIT" ("EAUDIT_ID", "EAUDIT_EVENT", "EAUDIT_MESSAGE", "EAUDIT_DATE", "EAUDIT_UACC_FK", "EAUDIT_TRAN_FK") VALUES ('208', 'AUTHORIZATION FAILED', 'DEVICE NOT AUTHORIZED', TO_DATE('2014-06-24 13:36:19', 'YYYY-MM-DD HH24:MI:SS'), 'admin', null);
INSERT INTO "EAUDIT" ("EAUDIT_ID", "EAUDIT_EVENT", "EAUDIT_MESSAGE", "EAUDIT_DATE", "EAUDIT_UACC_FK", "EAUDIT_TRAN_FK") VALUES ('209', 'LOGIN', 'LOGIN OK', TO_DATE('2014-06-24 13:39:39', 'YYYY-MM-DD HH24:MI:SS'), 'admin', null);
INSERT INTO "EAUDIT" ("EAUDIT_ID", "EAUDIT_EVENT", "EAUDIT_MESSAGE", "EAUDIT_DATE", "EAUDIT_UACC_FK", "EAUDIT_TRAN_FK") VALUES ('210', 'AUTHORIZATION FAILED', 'DEVICE NOT AUTHORIZED', TO_DATE('2014-06-24 13:39:39', 'YYYY-MM-DD HH24:MI:SS'), 'admin', null);
INSERT INTO "EAUDIT" ("EAUDIT_ID", "EAUDIT_EVENT", "EAUDIT_MESSAGE", "EAUDIT_DATE", "EAUDIT_UACC_FK", "EAUDIT_TRAN_FK") VALUES ('211', 'LOGIN', 'LOGIN OK', TO_DATE('2014-06-24 15:29:30', 'YYYY-MM-DD HH24:MI:SS'), 'admin', null);
INSERT INTO "EAUDIT" ("EAUDIT_ID", "EAUDIT_EVENT", "EAUDIT_MESSAGE", "EAUDIT_DATE", "EAUDIT_UACC_FK", "EAUDIT_TRAN_FK") VALUES ('212', 'AUTHORIZATION FAILED', 'DEVICE NOT AUTHORIZED', TO_DATE('2014-06-24 15:29:30', 'YYYY-MM-DD HH24:MI:SS'), 'admin', null);
INSERT INTO "EAUDIT" ("EAUDIT_ID", "EAUDIT_EVENT", "EAUDIT_MESSAGE", "EAUDIT_DATE", "EAUDIT_UACC_FK", "EAUDIT_TRAN_FK") VALUES ('213', 'LOGIN', 'LOGIN OK', TO_DATE('2014-06-24 15:32:07', 'YYYY-MM-DD HH24:MI:SS'), 'admin', null);
INSERT INTO "EAUDIT" ("EAUDIT_ID", "EAUDIT_EVENT", "EAUDIT_MESSAGE", "EAUDIT_DATE", "EAUDIT_UACC_FK", "EAUDIT_TRAN_FK") VALUES ('214', 'AUTHORIZATION FAILED', 'DEVICE NOT AUTHORIZED', TO_DATE('2014-06-24 15:32:07', 'YYYY-MM-DD HH24:MI:SS'), 'admin', null);
INSERT INTO "EAUDIT" ("EAUDIT_ID", "EAUDIT_EVENT", "EAUDIT_MESSAGE", "EAUDIT_DATE", "EAUDIT_UACC_FK", "EAUDIT_TRAN_FK") VALUES ('215', 'LOGIN', 'LOGIN OK', TO_DATE('2014-06-24 16:53:41', 'YYYY-MM-DD HH24:MI:SS'), 'admin', null);
INSERT INTO "EAUDIT" ("EAUDIT_ID", "EAUDIT_EVENT", "EAUDIT_MESSAGE", "EAUDIT_DATE", "EAUDIT_UACC_FK", "EAUDIT_TRAN_FK") VALUES ('216', 'LOGIN', 'LOGIN OK', TO_DATE('2014-06-24 16:58:04', 'YYYY-MM-DD HH24:MI:SS'), 'admin', null);
INSERT INTO "EAUDIT" ("EAUDIT_ID", "EAUDIT_EVENT", "EAUDIT_MESSAGE", "EAUDIT_DATE", "EAUDIT_UACC_FK", "EAUDIT_TRAN_FK") VALUES ('217', 'AUTHORIZATION FAILED', 'DEVICE NOT AUTHORIZED', TO_DATE('2014-06-24 16:58:04', 'YYYY-MM-DD HH24:MI:SS'), 'admin', null);
INSERT INTO "EAUDIT" ("EAUDIT_ID", "EAUDIT_EVENT", "EAUDIT_MESSAGE", "EAUDIT_DATE", "EAUDIT_UACC_FK", "EAUDIT_TRAN_FK") VALUES ('218', 'DEVICE DISABLED', 'DEVICE 1 DISABLED', TO_DATE('2014-06-24 16:58:48', 'YYYY-MM-DD HH24:MI:SS'), 'admin', '1');
INSERT INTO "EAUDIT" ("EAUDIT_ID", "EAUDIT_EVENT", "EAUDIT_MESSAGE", "EAUDIT_DATE", "EAUDIT_UACC_FK", "EAUDIT_TRAN_FK") VALUES ('219', 'DEVICE DISABLED', 'DEVICE 23 DISABLED', TO_DATE('2014-06-24 16:58:59', 'YYYY-MM-DD HH24:MI:SS'), 'admin', '23');
INSERT INTO "EAUDIT" ("EAUDIT_ID", "EAUDIT_EVENT", "EAUDIT_MESSAGE", "EAUDIT_DATE", "EAUDIT_UACC_FK", "EAUDIT_TRAN_FK") VALUES ('220', 'DEVICE DISABLED', 'DEVICE 22 DISABLED', TO_DATE('2014-06-24 16:59:02', 'YYYY-MM-DD HH24:MI:SS'), 'admin', '22');
INSERT INTO "EAUDIT" ("EAUDIT_ID", "EAUDIT_EVENT", "EAUDIT_MESSAGE", "EAUDIT_DATE", "EAUDIT_UACC_FK", "EAUDIT_TRAN_FK") VALUES ('221', 'DEVICE DISABLED', 'DEVICE 5 DISABLED', TO_DATE('2014-06-24 16:59:05', 'YYYY-MM-DD HH24:MI:SS'), 'admin', '5');
INSERT INTO "EAUDIT" ("EAUDIT_ID", "EAUDIT_EVENT", "EAUDIT_MESSAGE", "EAUDIT_DATE", "EAUDIT_UACC_FK", "EAUDIT_TRAN_FK") VALUES ('222', 'FAILED LOGIN', 'INVALID LOGIN CREDENTIALS', TO_DATE('2014-06-24 16:59:30', 'YYYY-MM-DD HH24:MI:SS'), 'admina', null);
INSERT INTO "EAUDIT" ("EAUDIT_ID", "EAUDIT_EVENT", "EAUDIT_MESSAGE", "EAUDIT_DATE", "EAUDIT_UACC_FK", "EAUDIT_TRAN_FK") VALUES ('223', 'LOGIN', 'LOGIN OK', TO_DATE('2014-06-24 17:03:48', 'YYYY-MM-DD HH24:MI:SS'), 'admin', null);
INSERT INTO "EAUDIT" ("EAUDIT_ID", "EAUDIT_EVENT", "EAUDIT_MESSAGE", "EAUDIT_DATE", "EAUDIT_UACC_FK", "EAUDIT_TRAN_FK") VALUES ('224', 'AUTHORIZATION FAILED', 'DEVICE NOT AUTHORIZED', TO_DATE('2014-06-24 17:03:48', 'YYYY-MM-DD HH24:MI:SS'), 'admin', null);
INSERT INTO "EAUDIT" ("EAUDIT_ID", "EAUDIT_EVENT", "EAUDIT_MESSAGE", "EAUDIT_DATE", "EAUDIT_UACC_FK", "EAUDIT_TRAN_FK") VALUES ('225', 'LOGIN', 'LOGIN OK', TO_DATE('2014-06-24 17:09:01', 'YYYY-MM-DD HH24:MI:SS'), 'admin', null);
INSERT INTO "EAUDIT" ("EAUDIT_ID", "EAUDIT_EVENT", "EAUDIT_MESSAGE", "EAUDIT_DATE", "EAUDIT_UACC_FK", "EAUDIT_TRAN_FK") VALUES ('226', 'LOGOUT', 'LOGOUT OK', TO_DATE('2014-06-24 17:09:01', 'YYYY-MM-DD HH24:MI:SS'), 'admin', null);
INSERT INTO "EAUDIT" ("EAUDIT_ID", "EAUDIT_EVENT", "EAUDIT_MESSAGE", "EAUDIT_DATE", "EAUDIT_UACC_FK", "EAUDIT_TRAN_FK") VALUES ('227', 'LOGIN', 'LOGIN OK', TO_DATE('2014-06-24 17:13:26', 'YYYY-MM-DD HH24:MI:SS'), 'admin', null);
INSERT INTO "EAUDIT" ("EAUDIT_ID", "EAUDIT_EVENT", "EAUDIT_MESSAGE", "EAUDIT_DATE", "EAUDIT_UACC_FK", "EAUDIT_TRAN_FK") VALUES ('228', 'LOGOUT', 'LOGOUT OK', TO_DATE('2014-06-24 17:13:26', 'YYYY-MM-DD HH24:MI:SS'), 'admin', null);
INSERT INTO "EAUDIT" ("EAUDIT_ID", "EAUDIT_EVENT", "EAUDIT_MESSAGE", "EAUDIT_DATE", "EAUDIT_UACC_FK", "EAUDIT_TRAN_FK") VALUES ('231', 'LOGIN', 'LOGIN OK', TO_DATE('2014-06-24 17:17:03', 'YYYY-MM-DD HH24:MI:SS'), 'admin', null);
INSERT INTO "EAUDIT" ("EAUDIT_ID", "EAUDIT_EVENT", "EAUDIT_MESSAGE", "EAUDIT_DATE", "EAUDIT_UACC_FK", "EAUDIT_TRAN_FK") VALUES ('232', 'LOGOUT', 'LOGOUT OK', TO_DATE('2014-06-24 17:17:03', 'YYYY-MM-DD HH24:MI:SS'), 'admin', null);
INSERT INTO "EAUDIT" ("EAUDIT_ID", "EAUDIT_EVENT", "EAUDIT_MESSAGE", "EAUDIT_DATE", "EAUDIT_UACC_FK", "EAUDIT_TRAN_FK") VALUES ('236', 'LOGIN', 'LOGIN OK', TO_DATE('2014-06-24 18:43:36', 'YYYY-MM-DD HH24:MI:SS'), 'admin', null);
INSERT INTO "EAUDIT" ("EAUDIT_ID", "EAUDIT_EVENT", "EAUDIT_MESSAGE", "EAUDIT_DATE", "EAUDIT_UACC_FK", "EAUDIT_TRAN_FK") VALUES ('237', 'LOGOUT', 'LOGOUT OK', TO_DATE('2014-06-24 18:43:36', 'YYYY-MM-DD HH24:MI:SS'), 'admin', null);
INSERT INTO "EAUDIT" ("EAUDIT_ID", "EAUDIT_EVENT", "EAUDIT_MESSAGE", "EAUDIT_DATE", "EAUDIT_UACC_FK", "EAUDIT_TRAN_FK") VALUES ('238', 'LOGIN', 'LOGIN OK', TO_DATE('2014-06-24 18:53:21', 'YYYY-MM-DD HH24:MI:SS'), 'admin', null);
INSERT INTO "EAUDIT" ("EAUDIT_ID", "EAUDIT_EVENT", "EAUDIT_MESSAGE", "EAUDIT_DATE", "EAUDIT_UACC_FK", "EAUDIT_TRAN_FK") VALUES ('239', 'LOGOUT', 'LOGOUT OK', TO_DATE('2014-06-24 18:53:21', 'YYYY-MM-DD HH24:MI:SS'), 'admin', null);
INSERT INTO "EAUDIT" ("EAUDIT_ID", "EAUDIT_EVENT", "EAUDIT_MESSAGE", "EAUDIT_DATE", "EAUDIT_UACC_FK", "EAUDIT_TRAN_FK") VALUES ('240', 'LOGIN', 'LOGIN OK', TO_DATE('2014-06-24 18:55:48', 'YYYY-MM-DD HH24:MI:SS'), 'admin', null);
INSERT INTO "EAUDIT" ("EAUDIT_ID", "EAUDIT_EVENT", "EAUDIT_MESSAGE", "EAUDIT_DATE", "EAUDIT_UACC_FK", "EAUDIT_TRAN_FK") VALUES ('241', 'LOGOUT', 'LOGOUT OK', TO_DATE('2014-06-24 18:55:49', 'YYYY-MM-DD HH24:MI:SS'), 'admin', null);
INSERT INTO "EAUDIT" ("EAUDIT_ID", "EAUDIT_EVENT", "EAUDIT_MESSAGE", "EAUDIT_DATE", "EAUDIT_UACC_FK", "EAUDIT_TRAN_FK") VALUES ('242', 'LOGIN', 'LOGIN OK', TO_DATE('2014-06-24 19:21:04', 'YYYY-MM-DD HH24:MI:SS'), 'admin', null);
INSERT INTO "EAUDIT" ("EAUDIT_ID", "EAUDIT_EVENT", "EAUDIT_MESSAGE", "EAUDIT_DATE", "EAUDIT_UACC_FK", "EAUDIT_TRAN_FK") VALUES ('243', 'LOGOUT', 'LOGOUT OK', TO_DATE('2014-06-24 19:21:04', 'YYYY-MM-DD HH24:MI:SS'), 'admin', null);
INSERT INTO "EAUDIT" ("EAUDIT_ID", "EAUDIT_EVENT", "EAUDIT_MESSAGE", "EAUDIT_DATE", "EAUDIT_UACC_FK", "EAUDIT_TRAN_FK") VALUES ('244', 'LOGIN', 'LOGIN OK', TO_DATE('2014-06-24 19:28:09', 'YYYY-MM-DD HH24:MI:SS'), 'admin', null);
INSERT INTO "EAUDIT" ("EAUDIT_ID", "EAUDIT_EVENT", "EAUDIT_MESSAGE", "EAUDIT_DATE", "EAUDIT_UACC_FK", "EAUDIT_TRAN_FK") VALUES ('245', 'LOGOUT', 'LOGOUT OK', TO_DATE('2014-06-24 19:28:09', 'YYYY-MM-DD HH24:MI:SS'), 'admin', null);
INSERT INTO "EAUDIT" ("EAUDIT_ID", "EAUDIT_EVENT", "EAUDIT_MESSAGE", "EAUDIT_DATE", "EAUDIT_UACC_FK", "EAUDIT_TRAN_FK") VALUES ('246', 'LOGIN', 'LOGIN OK', TO_DATE('2014-06-24 19:28:52', 'YYYY-MM-DD HH24:MI:SS'), 'admin', null);
INSERT INTO "EAUDIT" ("EAUDIT_ID", "EAUDIT_EVENT", "EAUDIT_MESSAGE", "EAUDIT_DATE", "EAUDIT_UACC_FK", "EAUDIT_TRAN_FK") VALUES ('247', 'LOGOUT', 'LOGOUT OK', TO_DATE('2014-06-24 19:28:52', 'YYYY-MM-DD HH24:MI:SS'), 'admin', null);
INSERT INTO "EAUDIT" ("EAUDIT_ID", "EAUDIT_EVENT", "EAUDIT_MESSAGE", "EAUDIT_DATE", "EAUDIT_UACC_FK", "EAUDIT_TRAN_FK") VALUES ('248', 'LOGIN', 'LOGIN OK', TO_DATE('2014-06-24 19:58:40', 'YYYY-MM-DD HH24:MI:SS'), 'admin', null);
INSERT INTO "EAUDIT" ("EAUDIT_ID", "EAUDIT_EVENT", "EAUDIT_MESSAGE", "EAUDIT_DATE", "EAUDIT_UACC_FK", "EAUDIT_TRAN_FK") VALUES ('249', 'LOGOUT', 'LOGOUT OK', TO_DATE('2014-06-24 19:58:40', 'YYYY-MM-DD HH24:MI:SS'), 'admin', null);
INSERT INTO "EAUDIT" ("EAUDIT_ID", "EAUDIT_EVENT", "EAUDIT_MESSAGE", "EAUDIT_DATE", "EAUDIT_UACC_FK", "EAUDIT_TRAN_FK") VALUES ('250', 'LOGIN', 'LOGIN OK', TO_DATE('2014-06-24 20:01:12', 'YYYY-MM-DD HH24:MI:SS'), 'admin', null);
INSERT INTO "EAUDIT" ("EAUDIT_ID", "EAUDIT_EVENT", "EAUDIT_MESSAGE", "EAUDIT_DATE", "EAUDIT_UACC_FK", "EAUDIT_TRAN_FK") VALUES ('251', 'LOGOUT', 'LOGOUT OK', TO_DATE('2014-06-24 20:01:12', 'YYYY-MM-DD HH24:MI:SS'), 'admin', null);
INSERT INTO "EAUDIT" ("EAUDIT_ID", "EAUDIT_EVENT", "EAUDIT_MESSAGE", "EAUDIT_DATE", "EAUDIT_UACC_FK", "EAUDIT_TRAN_FK") VALUES ('252', 'LOGIN', 'LOGIN OK', TO_DATE('2014-06-24 20:05:24', 'YYYY-MM-DD HH24:MI:SS'), 'admin', null);
INSERT INTO "EAUDIT" ("EAUDIT_ID", "EAUDIT_EVENT", "EAUDIT_MESSAGE", "EAUDIT_DATE", "EAUDIT_UACC_FK", "EAUDIT_TRAN_FK") VALUES ('253', 'LOGOUT', 'LOGOUT OK', TO_DATE('2014-06-24 20:05:24', 'YYYY-MM-DD HH24:MI:SS'), 'admin', null);
INSERT INTO "EAUDIT" ("EAUDIT_ID", "EAUDIT_EVENT", "EAUDIT_MESSAGE", "EAUDIT_DATE", "EAUDIT_UACC_FK", "EAUDIT_TRAN_FK") VALUES ('256', 'LOGIN', 'LOGIN OK', TO_DATE('2014-06-24 20:30:32', 'YYYY-MM-DD HH24:MI:SS'), 'admin', null);
INSERT INTO "EAUDIT" ("EAUDIT_ID", "EAUDIT_EVENT", "EAUDIT_MESSAGE", "EAUDIT_DATE", "EAUDIT_UACC_FK", "EAUDIT_TRAN_FK") VALUES ('257', 'LOGOUT', 'LOGOUT OK', TO_DATE('2014-06-24 20:30:32', 'YYYY-MM-DD HH24:MI:SS'), 'admin', null);
INSERT INTO "EAUDIT" ("EAUDIT_ID", "EAUDIT_EVENT", "EAUDIT_MESSAGE", "EAUDIT_DATE", "EAUDIT_UACC_FK", "EAUDIT_TRAN_FK") VALUES ('258', 'LOGIN', 'LOGIN OK', TO_DATE('2014-06-24 20:36:54', 'YYYY-MM-DD HH24:MI:SS'), 'admin', null);
INSERT INTO "EAUDIT" ("EAUDIT_ID", "EAUDIT_EVENT", "EAUDIT_MESSAGE", "EAUDIT_DATE", "EAUDIT_UACC_FK", "EAUDIT_TRAN_FK") VALUES ('259', 'LOGOUT', 'LOGOUT OK', TO_DATE('2014-06-24 20:36:54', 'YYYY-MM-DD HH24:MI:SS'), 'admin', null);
INSERT INTO "EAUDIT" ("EAUDIT_ID", "EAUDIT_EVENT", "EAUDIT_MESSAGE", "EAUDIT_DATE", "EAUDIT_UACC_FK", "EAUDIT_TRAN_FK") VALUES ('260', 'LOGIN', 'LOGIN OK', TO_DATE('2014-06-24 20:43:11', 'YYYY-MM-DD HH24:MI:SS'), 'admin', null);
INSERT INTO "EAUDIT" ("EAUDIT_ID", "EAUDIT_EVENT", "EAUDIT_MESSAGE", "EAUDIT_DATE", "EAUDIT_UACC_FK", "EAUDIT_TRAN_FK") VALUES ('261', 'LOGOUT', 'LOGOUT OK', TO_DATE('2014-06-24 20:43:11', 'YYYY-MM-DD HH24:MI:SS'), 'admin', null);
INSERT INTO "EAUDIT" ("EAUDIT_ID", "EAUDIT_EVENT", "EAUDIT_MESSAGE", "EAUDIT_DATE", "EAUDIT_UACC_FK", "EAUDIT_TRAN_FK") VALUES ('264', 'LOGIN', 'LOGIN OK', TO_DATE('2014-06-24 23:23:01', 'YYYY-MM-DD HH24:MI:SS'), 'admin', null);
INSERT INTO "EAUDIT" ("EAUDIT_ID", "EAUDIT_EVENT", "EAUDIT_MESSAGE", "EAUDIT_DATE", "EAUDIT_UACC_FK", "EAUDIT_TRAN_FK") VALUES ('265', 'LOGOUT', 'LOGOUT OK', TO_DATE('2014-06-24 23:23:01', 'YYYY-MM-DD HH24:MI:SS'), 'admin', null);
INSERT INTO "EAUDIT" ("EAUDIT_ID", "EAUDIT_EVENT", "EAUDIT_MESSAGE", "EAUDIT_DATE", "EAUDIT_UACC_FK", "EAUDIT_TRAN_FK") VALUES ('266', 'LOGIN', 'LOGIN OK', TO_DATE('2014-06-25 01:08:25', 'YYYY-MM-DD HH24:MI:SS'), 'admin', null);
INSERT INTO "EAUDIT" ("EAUDIT_ID", "EAUDIT_EVENT", "EAUDIT_MESSAGE", "EAUDIT_DATE", "EAUDIT_UACC_FK", "EAUDIT_TRAN_FK") VALUES ('267', 'LOGOUT', 'LOGOUT OK', TO_DATE('2014-06-25 01:08:25', 'YYYY-MM-DD HH24:MI:SS'), 'admin', null);
INSERT INTO "EAUDIT" ("EAUDIT_ID", "EAUDIT_EVENT", "EAUDIT_MESSAGE", "EAUDIT_DATE", "EAUDIT_UACC_FK", "EAUDIT_TRAN_FK") VALUES ('268', 'LOGIN', 'LOGIN OK', TO_DATE('2014-06-25 01:13:01', 'YYYY-MM-DD HH24:MI:SS'), 'admin', null);
INSERT INTO "EAUDIT" ("EAUDIT_ID", "EAUDIT_EVENT", "EAUDIT_MESSAGE", "EAUDIT_DATE", "EAUDIT_UACC_FK", "EAUDIT_TRAN_FK") VALUES ('269', 'LOGOUT', 'LOGOUT OK', TO_DATE('2014-06-25 01:13:01', 'YYYY-MM-DD HH24:MI:SS'), 'admin', null);
INSERT INTO "EAUDIT" ("EAUDIT_ID", "EAUDIT_EVENT", "EAUDIT_MESSAGE", "EAUDIT_DATE", "EAUDIT_UACC_FK", "EAUDIT_TRAN_FK") VALUES ('270', 'LOGIN', 'LOGIN OK', TO_DATE('2014-06-25 01:17:09', 'YYYY-MM-DD HH24:MI:SS'), 'admin', null);
INSERT INTO "EAUDIT" ("EAUDIT_ID", "EAUDIT_EVENT", "EAUDIT_MESSAGE", "EAUDIT_DATE", "EAUDIT_UACC_FK", "EAUDIT_TRAN_FK") VALUES ('271', 'LOGOUT', 'LOGOUT OK', TO_DATE('2014-06-25 01:17:09', 'YYYY-MM-DD HH24:MI:SS'), 'admin', null);
INSERT INTO "EAUDIT" ("EAUDIT_ID", "EAUDIT_EVENT", "EAUDIT_MESSAGE", "EAUDIT_DATE", "EAUDIT_UACC_FK", "EAUDIT_TRAN_FK") VALUES ('272', 'LOGIN', 'LOGIN OK', TO_DATE('2014-06-25 07:27:46', 'YYYY-MM-DD HH24:MI:SS'), 'admin', null);
INSERT INTO "EAUDIT" ("EAUDIT_ID", "EAUDIT_EVENT", "EAUDIT_MESSAGE", "EAUDIT_DATE", "EAUDIT_UACC_FK", "EAUDIT_TRAN_FK") VALUES ('273', 'LOGOUT', 'LOGOUT OK', TO_DATE('2014-06-25 07:27:46', 'YYYY-MM-DD HH24:MI:SS'), 'admin', null);
INSERT INTO "EAUDIT" ("EAUDIT_ID", "EAUDIT_EVENT", "EAUDIT_MESSAGE", "EAUDIT_DATE", "EAUDIT_UACC_FK", "EAUDIT_TRAN_FK") VALUES ('274', 'LOGIN', 'LOGIN OK', TO_DATE('2014-06-25 07:33:36', 'YYYY-MM-DD HH24:MI:SS'), 'admin', null);
INSERT INTO "EAUDIT" ("EAUDIT_ID", "EAUDIT_EVENT", "EAUDIT_MESSAGE", "EAUDIT_DATE", "EAUDIT_UACC_FK", "EAUDIT_TRAN_FK") VALUES ('275', 'LOGOUT', 'LOGOUT OK', TO_DATE('2014-06-25 07:33:36', 'YYYY-MM-DD HH24:MI:SS'), 'admin', null);
INSERT INTO "EAUDIT" ("EAUDIT_ID", "EAUDIT_EVENT", "EAUDIT_MESSAGE", "EAUDIT_DATE", "EAUDIT_UACC_FK", "EAUDIT_TRAN_FK") VALUES ('281', 'LOGIN', 'LOGIN OK', TO_DATE('2014-06-25 15:59:07', 'YYYY-MM-DD HH24:MI:SS'), 'admin', null);
INSERT INTO "EAUDIT" ("EAUDIT_ID", "EAUDIT_EVENT", "EAUDIT_MESSAGE", "EAUDIT_DATE", "EAUDIT_UACC_FK", "EAUDIT_TRAN_FK") VALUES ('282', 'LOGOUT', 'LOGOUT OK', TO_DATE('2014-06-25 15:59:08', 'YYYY-MM-DD HH24:MI:SS'), 'admin', null);
INSERT INTO "EAUDIT" ("EAUDIT_ID", "EAUDIT_EVENT", "EAUDIT_MESSAGE", "EAUDIT_DATE", "EAUDIT_UACC_FK", "EAUDIT_TRAN_FK") VALUES ('325', 'LOGIN', 'LOGIN OK', TO_DATE('2014-06-26 12:26:35', 'YYYY-MM-DD HH24:MI:SS'), 'admin', null);
INSERT INTO "EAUDIT" ("EAUDIT_ID", "EAUDIT_EVENT", "EAUDIT_MESSAGE", "EAUDIT_DATE", "EAUDIT_UACC_FK", "EAUDIT_TRAN_FK") VALUES ('326', 'LOGOUT', 'LOGOUT OK', TO_DATE('2014-06-26 12:26:35', 'YYYY-MM-DD HH24:MI:SS'), 'admin', null);
INSERT INTO "EAUDIT" ("EAUDIT_ID", "EAUDIT_EVENT", "EAUDIT_MESSAGE", "EAUDIT_DATE", "EAUDIT_UACC_FK", "EAUDIT_TRAN_FK") VALUES ('76', 'LOGIN', 'LOGIN OK', TO_DATE('2014-06-18 15:54:28', 'YYYY-MM-DD HH24:MI:SS'), 'admin', null);
INSERT INTO "EAUDIT" ("EAUDIT_ID", "EAUDIT_EVENT", "EAUDIT_MESSAGE", "EAUDIT_DATE", "EAUDIT_UACC_FK", "EAUDIT_TRAN_FK") VALUES ('82', 'LOGIN', 'LOGIN OK', TO_DATE('2014-06-18 18:51:11', 'YYYY-MM-DD HH24:MI:SS'), 'admin', null);
INSERT INTO "EAUDIT" ("EAUDIT_ID", "EAUDIT_EVENT", "EAUDIT_MESSAGE", "EAUDIT_DATE", "EAUDIT_UACC_FK", "EAUDIT_TRAN_FK") VALUES ('83', 'LOGIN', 'LOGIN OK', TO_DATE('2014-06-19 10:40:38', 'YYYY-MM-DD HH24:MI:SS'), 'admin', null);
INSERT INTO "EAUDIT" ("EAUDIT_ID", "EAUDIT_EVENT", "EAUDIT_MESSAGE", "EAUDIT_DATE", "EAUDIT_UACC_FK", "EAUDIT_TRAN_FK") VALUES ('254', 'LOGIN', 'LOGIN OK', TO_DATE('2014-06-24 20:08:25', 'YYYY-MM-DD HH24:MI:SS'), 'admin', null);
INSERT INTO "EAUDIT" ("EAUDIT_ID", "EAUDIT_EVENT", "EAUDIT_MESSAGE", "EAUDIT_DATE", "EAUDIT_UACC_FK", "EAUDIT_TRAN_FK") VALUES ('255', 'LOGOUT', 'LOGOUT OK', TO_DATE('2014-06-24 20:08:25', 'YYYY-MM-DD HH24:MI:SS'), 'admin', null);
INSERT INTO "EAUDIT" ("EAUDIT_ID", "EAUDIT_EVENT", "EAUDIT_MESSAGE", "EAUDIT_DATE", "EAUDIT_UACC_FK", "EAUDIT_TRAN_FK") VALUES ('301', 'LOGIN', 'LOGIN OK', TO_DATE('2014-06-25 20:16:40', 'YYYY-MM-DD HH24:MI:SS'), 'admin', null);
INSERT INTO "EAUDIT" ("EAUDIT_ID", "EAUDIT_EVENT", "EAUDIT_MESSAGE", "EAUDIT_DATE", "EAUDIT_UACC_FK", "EAUDIT_TRAN_FK") VALUES ('302', 'LOGOUT', 'LOGOUT OK', TO_DATE('2014-06-25 20:16:41', 'YYYY-MM-DD HH24:MI:SS'), 'admin', null);
INSERT INTO "EAUDIT" ("EAUDIT_ID", "EAUDIT_EVENT", "EAUDIT_MESSAGE", "EAUDIT_DATE", "EAUDIT_UACC_FK", "EAUDIT_TRAN_FK") VALUES ('303', 'LOGIN', 'LOGIN OK', TO_DATE('2014-06-25 20:21:04', 'YYYY-MM-DD HH24:MI:SS'), 'admin', null);
INSERT INTO "EAUDIT" ("EAUDIT_ID", "EAUDIT_EVENT", "EAUDIT_MESSAGE", "EAUDIT_DATE", "EAUDIT_UACC_FK", "EAUDIT_TRAN_FK") VALUES ('304', 'LOGOUT', 'LOGOUT OK', TO_DATE('2014-06-25 20:21:04', 'YYYY-MM-DD HH24:MI:SS'), 'admin', null);
INSERT INTO "EAUDIT" ("EAUDIT_ID", "EAUDIT_EVENT", "EAUDIT_MESSAGE", "EAUDIT_DATE", "EAUDIT_UACC_FK", "EAUDIT_TRAN_FK") VALUES ('305', 'LOGIN', 'LOGIN OK', TO_DATE('2014-06-25 20:23:40', 'YYYY-MM-DD HH24:MI:SS'), 'admin', null);
INSERT INTO "EAUDIT" ("EAUDIT_ID", "EAUDIT_EVENT", "EAUDIT_MESSAGE", "EAUDIT_DATE", "EAUDIT_UACC_FK", "EAUDIT_TRAN_FK") VALUES ('306', 'LOGOUT', 'LOGOUT OK', TO_DATE('2014-06-25 20:23:40', 'YYYY-MM-DD HH24:MI:SS'), 'admin', null);
INSERT INTO "EAUDIT" ("EAUDIT_ID", "EAUDIT_EVENT", "EAUDIT_MESSAGE", "EAUDIT_DATE", "EAUDIT_UACC_FK", "EAUDIT_TRAN_FK") VALUES ('307', 'LOGIN', 'LOGIN OK', TO_DATE('2014-06-25 20:25:46', 'YYYY-MM-DD HH24:MI:SS'), 'admin', null);
INSERT INTO "EAUDIT" ("EAUDIT_ID", "EAUDIT_EVENT", "EAUDIT_MESSAGE", "EAUDIT_DATE", "EAUDIT_UACC_FK", "EAUDIT_TRAN_FK") VALUES ('308', 'LOGOUT', 'LOGOUT OK', TO_DATE('2014-06-25 20:25:46', 'YYYY-MM-DD HH24:MI:SS'), 'admin', null);
INSERT INTO "EAUDIT" ("EAUDIT_ID", "EAUDIT_EVENT", "EAUDIT_MESSAGE", "EAUDIT_DATE", "EAUDIT_UACC_FK", "EAUDIT_TRAN_FK") VALUES ('309', 'LOGIN', 'LOGIN OK', TO_DATE('2014-06-25 20:31:38', 'YYYY-MM-DD HH24:MI:SS'), 'admin', null);
INSERT INTO "EAUDIT" ("EAUDIT_ID", "EAUDIT_EVENT", "EAUDIT_MESSAGE", "EAUDIT_DATE", "EAUDIT_UACC_FK", "EAUDIT_TRAN_FK") VALUES ('310', 'LOGOUT', 'LOGOUT OK', TO_DATE('2014-06-25 20:31:38', 'YYYY-MM-DD HH24:MI:SS'), 'admin', null);
INSERT INTO "EAUDIT" ("EAUDIT_ID", "EAUDIT_EVENT", "EAUDIT_MESSAGE", "EAUDIT_DATE", "EAUDIT_UACC_FK", "EAUDIT_TRAN_FK") VALUES ('311', 'LOGIN', 'LOGIN OK', TO_DATE('2014-06-25 20:32:42', 'YYYY-MM-DD HH24:MI:SS'), 'admin', null);
INSERT INTO "EAUDIT" ("EAUDIT_ID", "EAUDIT_EVENT", "EAUDIT_MESSAGE", "EAUDIT_DATE", "EAUDIT_UACC_FK", "EAUDIT_TRAN_FK") VALUES ('312', 'LOGOUT', 'LOGOUT OK', TO_DATE('2014-06-25 20:32:42', 'YYYY-MM-DD HH24:MI:SS'), 'admin', null);
INSERT INTO "EAUDIT" ("EAUDIT_ID", "EAUDIT_EVENT", "EAUDIT_MESSAGE", "EAUDIT_DATE", "EAUDIT_UACC_FK", "EAUDIT_TRAN_FK") VALUES ('313', 'LOGIN', 'LOGIN OK', TO_DATE('2014-06-25 20:36:15', 'YYYY-MM-DD HH24:MI:SS'), 'admin', null);
INSERT INTO "EAUDIT" ("EAUDIT_ID", "EAUDIT_EVENT", "EAUDIT_MESSAGE", "EAUDIT_DATE", "EAUDIT_UACC_FK", "EAUDIT_TRAN_FK") VALUES ('314', 'LOGOUT', 'LOGOUT OK', TO_DATE('2014-06-25 20:36:15', 'YYYY-MM-DD HH24:MI:SS'), 'admin', null);
INSERT INTO "EAUDIT" ("EAUDIT_ID", "EAUDIT_EVENT", "EAUDIT_MESSAGE", "EAUDIT_DATE", "EAUDIT_UACC_FK", "EAUDIT_TRAN_FK") VALUES ('317', 'LOGIN', 'LOGIN OK', TO_DATE('2014-06-25 21:18:34', 'YYYY-MM-DD HH24:MI:SS'), 'admin', null);
INSERT INTO "EAUDIT" ("EAUDIT_ID", "EAUDIT_EVENT", "EAUDIT_MESSAGE", "EAUDIT_DATE", "EAUDIT_UACC_FK", "EAUDIT_TRAN_FK") VALUES ('318', 'LOGOUT', 'LOGOUT OK', TO_DATE('2014-06-25 21:18:34', 'YYYY-MM-DD HH24:MI:SS'), 'admin', null);
INSERT INTO "EAUDIT" ("EAUDIT_ID", "EAUDIT_EVENT", "EAUDIT_MESSAGE", "EAUDIT_DATE", "EAUDIT_UACC_FK", "EAUDIT_TRAN_FK") VALUES ('321', 'LOGIN', 'LOGIN OK', TO_DATE('2014-06-26 11:10:35', 'YYYY-MM-DD HH24:MI:SS'), 'admin', null);
INSERT INTO "EAUDIT" ("EAUDIT_ID", "EAUDIT_EVENT", "EAUDIT_MESSAGE", "EAUDIT_DATE", "EAUDIT_UACC_FK", "EAUDIT_TRAN_FK") VALUES ('322', 'LOGOUT', 'LOGOUT OK', TO_DATE('2014-06-26 11:10:35', 'YYYY-MM-DD HH24:MI:SS'), 'admin', null);
INSERT INTO "EAUDIT" ("EAUDIT_ID", "EAUDIT_EVENT", "EAUDIT_MESSAGE", "EAUDIT_DATE", "EAUDIT_UACC_FK", "EAUDIT_TRAN_FK") VALUES ('329', 'LOGIN', 'LOGIN OK', TO_DATE('2014-06-26 14:22:12', 'YYYY-MM-DD HH24:MI:SS'), 'admin', null);
INSERT INTO "EAUDIT" ("EAUDIT_ID", "EAUDIT_EVENT", "EAUDIT_MESSAGE", "EAUDIT_DATE", "EAUDIT_UACC_FK", "EAUDIT_TRAN_FK") VALUES ('330', 'LOGOUT', 'LOGOUT OK', TO_DATE('2014-06-26 14:22:12', 'YYYY-MM-DD HH24:MI:SS'), 'admin', null);
INSERT INTO "EAUDIT" ("EAUDIT_ID", "EAUDIT_EVENT", "EAUDIT_MESSAGE", "EAUDIT_DATE", "EAUDIT_UACC_FK", "EAUDIT_TRAN_FK") VALUES ('65', 'WITHDRAWAL AUTHORIZATION FAILED', 'INVALID OTP SUPPLIED, ', TO_DATE('2014-06-18 11:01:18', 'YYYY-MM-DD HH24:MI:SS'), '0', null);
INSERT INTO "EAUDIT" ("EAUDIT_ID", "EAUDIT_EVENT", "EAUDIT_MESSAGE", "EAUDIT_DATE", "EAUDIT_UACC_FK", "EAUDIT_TRAN_FK") VALUES ('66', 'LOGOUT', 'LOGOUT OK', TO_DATE('2014-06-18 11:01:18', 'YYYY-MM-DD HH24:MI:SS'), 'admin', null);
INSERT INTO "EAUDIT" ("EAUDIT_ID", "EAUDIT_EVENT", "EAUDIT_MESSAGE", "EAUDIT_DATE", "EAUDIT_UACC_FK", "EAUDIT_TRAN_FK") VALUES ('64', 'LOGIN', 'LOGIN OK', TO_DATE('2014-06-18 11:01:18', 'YYYY-MM-DD HH24:MI:SS'), 'admin', null);
INSERT INTO "EAUDIT" ("EAUDIT_ID", "EAUDIT_EVENT", "EAUDIT_MESSAGE", "EAUDIT_DATE", "EAUDIT_UACC_FK", "EAUDIT_TRAN_FK") VALUES ('67', 'LOGIN', 'LOGIN OK', TO_DATE('2014-06-18 11:02:33', 'YYYY-MM-DD HH24:MI:SS'), 'admin', null);
INSERT INTO "EAUDIT" ("EAUDIT_ID", "EAUDIT_EVENT", "EAUDIT_MESSAGE", "EAUDIT_DATE", "EAUDIT_UACC_FK", "EAUDIT_TRAN_FK") VALUES ('68', 'WITHDRAWAL', 'WITHDRAWAL OF NGN1000.0 COMPLETE', TO_DATE('2014-06-18 11:02:35', 'YYYY-MM-DD HH24:MI:SS'), '1', '53a155a9bf63f');
INSERT INTO "EAUDIT" ("EAUDIT_ID", "EAUDIT_EVENT", "EAUDIT_MESSAGE", "EAUDIT_DATE", "EAUDIT_UACC_FK", "EAUDIT_TRAN_FK") VALUES ('69', 'LOGOUT', 'LOGOUT OK', TO_DATE('2014-06-18 11:02:35', 'YYYY-MM-DD HH24:MI:SS'), 'admin', null);
INSERT INTO "EAUDIT" ("EAUDIT_ID", "EAUDIT_EVENT", "EAUDIT_MESSAGE", "EAUDIT_DATE", "EAUDIT_UACC_FK", "EAUDIT_TRAN_FK") VALUES ('70', 'LOGIN', 'LOGIN OK', TO_DATE('2014-06-18 11:09:32', 'YYYY-MM-DD HH24:MI:SS'), 'admin', null);
INSERT INTO "EAUDIT" ("EAUDIT_ID", "EAUDIT_EVENT", "EAUDIT_MESSAGE", "EAUDIT_DATE", "EAUDIT_UACC_FK", "EAUDIT_TRAN_FK") VALUES ('72', 'LOGIN', 'LOGIN OK', TO_DATE('2014-06-18 12:11:50', 'YYYY-MM-DD HH24:MI:SS'), 'admin', null);
INSERT INTO "EAUDIT" ("EAUDIT_ID", "EAUDIT_EVENT", "EAUDIT_MESSAGE", "EAUDIT_DATE", "EAUDIT_UACC_FK", "EAUDIT_TRAN_FK") VALUES ('73', 'WITHDRAWAL AUTHORIZATION FAILED', 'INVALID OTP SUPPLIED, CUSTOMER HAS EXCEEDED THE DAILY LIMIT ,DSA LIMIT EXCEEDED. PLEASE DEPOSIT RECEIVED CASH AT YOUR BRANCH,', TO_DATE('2014-06-18 12:11:50', 'YYYY-MM-DD HH24:MI:SS'), 'admin', null);
INSERT INTO "EAUDIT" ("EAUDIT_ID", "EAUDIT_EVENT", "EAUDIT_MESSAGE", "EAUDIT_DATE", "EAUDIT_UACC_FK", "EAUDIT_TRAN_FK") VALUES ('74', 'LOGOUT', 'LOGOUT OK', TO_DATE('2014-06-18 12:11:50', 'YYYY-MM-DD HH24:MI:SS'), 'admin', null);
INSERT INTO "EAUDIT" ("EAUDIT_ID", "EAUDIT_EVENT", "EAUDIT_MESSAGE", "EAUDIT_DATE", "EAUDIT_UACC_FK", "EAUDIT_TRAN_FK") VALUES ('75', 'LOGIN', 'LOGIN OK', TO_DATE('2014-06-18 12:12:02', 'YYYY-MM-DD HH24:MI:SS'), 'admin', null);
INSERT INTO "EAUDIT" ("EAUDIT_ID", "EAUDIT_EVENT", "EAUDIT_MESSAGE", "EAUDIT_DATE", "EAUDIT_UACC_FK", "EAUDIT_TRAN_FK") VALUES ('101', 'LOGIN', 'LOGIN OK', TO_DATE('2014-06-19 17:02:32', 'YYYY-MM-DD HH24:MI:SS'), 'admin', null);
INSERT INTO "EAUDIT" ("EAUDIT_ID", "EAUDIT_EVENT", "EAUDIT_MESSAGE", "EAUDIT_DATE", "EAUDIT_UACC_FK", "EAUDIT_TRAN_FK") VALUES ('102', 'LOGIN', 'LOGIN OK', TO_DATE('2014-06-19 17:03:19', 'YYYY-MM-DD HH24:MI:SS'), 'admin', null);
INSERT INTO "EAUDIT" ("EAUDIT_ID", "EAUDIT_EVENT", "EAUDIT_MESSAGE", "EAUDIT_DATE", "EAUDIT_UACC_FK", "EAUDIT_TRAN_FK") VALUES ('103', 'LOGIN', 'LOGIN OK', TO_DATE('2014-06-19 17:14:49', 'YYYY-MM-DD HH24:MI:SS'), 'admin', null);
INSERT INTO "EAUDIT" ("EAUDIT_ID", "EAUDIT_EVENT", "EAUDIT_MESSAGE", "EAUDIT_DATE", "EAUDIT_UACC_FK", "EAUDIT_TRAN_FK") VALUES ('104', 'LOGIN', 'LOGIN OK', TO_DATE('2014-06-19 17:16:08', 'YYYY-MM-DD HH24:MI:SS'), 'admin', null);
INSERT INTO "EAUDIT" ("EAUDIT_ID", "EAUDIT_EVENT", "EAUDIT_MESSAGE", "EAUDIT_DATE", "EAUDIT_UACC_FK", "EAUDIT_TRAN_FK") VALUES ('105', 'DEPOSIT AUTHORIZATION FAILED', 'INVALID OTP SUPPLIED, ', TO_DATE('2014-06-19 17:16:08', 'YYYY-MM-DD HH24:MI:SS'), 'admin', null);
INSERT INTO "EAUDIT" ("EAUDIT_ID", "EAUDIT_EVENT", "EAUDIT_MESSAGE", "EAUDIT_DATE", "EAUDIT_UACC_FK", "EAUDIT_TRAN_FK") VALUES ('106', 'LOGOUT', 'LOGOUT OK', TO_DATE('2014-06-19 17:16:08', 'YYYY-MM-DD HH24:MI:SS'), 'admin', null);
INSERT INTO "EAUDIT" ("EAUDIT_ID", "EAUDIT_EVENT", "EAUDIT_MESSAGE", "EAUDIT_DATE", "EAUDIT_UACC_FK", "EAUDIT_TRAN_FK") VALUES ('107', 'LOGIN', 'LOGIN OK', TO_DATE('2014-06-19 17:16:19', 'YYYY-MM-DD HH24:MI:SS'), 'admin', null);
INSERT INTO "EAUDIT" ("EAUDIT_ID", "EAUDIT_EVENT", "EAUDIT_MESSAGE", "EAUDIT_DATE", "EAUDIT_UACC_FK", "EAUDIT_TRAN_FK") VALUES ('108', 'DEPOSIT', 'E', TO_DATE('2014-06-19 17:16:19', 'YYYY-MM-DD HH24:MI:SS'), '1', '53a2fec342b60');
INSERT INTO "EAUDIT" ("EAUDIT_ID", "EAUDIT_EVENT", "EAUDIT_MESSAGE", "EAUDIT_DATE", "EAUDIT_UACC_FK", "EAUDIT_TRAN_FK") VALUES ('109', 'LOGOUT', 'LOGOUT OK', TO_DATE('2014-06-19 17:16:19', 'YYYY-MM-DD HH24:MI:SS'), 'admin', null);
INSERT INTO "EAUDIT" ("EAUDIT_ID", "EAUDIT_EVENT", "EAUDIT_MESSAGE", "EAUDIT_DATE", "EAUDIT_UACC_FK", "EAUDIT_TRAN_FK") VALUES ('110', 'LOGIN', 'LOGIN OK', TO_DATE('2014-06-19 17:17:03', 'YYYY-MM-DD HH24:MI:SS'), 'admin', null);
INSERT INTO "EAUDIT" ("EAUDIT_ID", "EAUDIT_EVENT", "EAUDIT_MESSAGE", "EAUDIT_DATE", "EAUDIT_UACC_FK", "EAUDIT_TRAN_FK") VALUES ('111', 'DEPOSIT', 'E', TO_DATE('2014-06-19 17:17:03', 'YYYY-MM-DD HH24:MI:SS'), '1', '53a2feef14e69');
INSERT INTO "EAUDIT" ("EAUDIT_ID", "EAUDIT_EVENT", "EAUDIT_MESSAGE", "EAUDIT_DATE", "EAUDIT_UACC_FK", "EAUDIT_TRAN_FK") VALUES ('112', 'LOGOUT', 'LOGOUT OK', TO_DATE('2014-06-19 17:17:03', 'YYYY-MM-DD HH24:MI:SS'), 'admin', null);
INSERT INTO "EAUDIT" ("EAUDIT_ID", "EAUDIT_EVENT", "EAUDIT_MESSAGE", "EAUDIT_DATE", "EAUDIT_UACC_FK", "EAUDIT_TRAN_FK") VALUES ('113', 'LOGIN', 'LOGIN OK', TO_DATE('2014-06-19 17:18:49', 'YYYY-MM-DD HH24:MI:SS'), 'admin', null);
INSERT INTO "EAUDIT" ("EAUDIT_ID", "EAUDIT_EVENT", "EAUDIT_MESSAGE", "EAUDIT_DATE", "EAUDIT_UACC_FK", "EAUDIT_TRAN_FK") VALUES ('114', 'DEPOSIT', '{', TO_DATE('2014-06-19 17:18:49', 'YYYY-MM-DD HH24:MI:SS'), '1', '53a2ff591f4a4');
INSERT INTO "EAUDIT" ("EAUDIT_ID", "EAUDIT_EVENT", "EAUDIT_MESSAGE", "EAUDIT_DATE", "EAUDIT_UACC_FK", "EAUDIT_TRAN_FK") VALUES ('115', 'LOGOUT', 'LOGOUT OK', TO_DATE('2014-06-19 17:18:49', 'YYYY-MM-DD HH24:MI:SS'), 'admin', null);
INSERT INTO "EAUDIT" ("EAUDIT_ID", "EAUDIT_EVENT", "EAUDIT_MESSAGE", "EAUDIT_DATE", "EAUDIT_UACC_FK", "EAUDIT_TRAN_FK") VALUES ('116', 'LOGIN', 'LOGIN OK', TO_DATE('2014-06-19 17:19:55', 'YYYY-MM-DD HH24:MI:SS'), 'admin', null);
INSERT INTO "EAUDIT" ("EAUDIT_ID", "EAUDIT_EVENT", "EAUDIT_MESSAGE", "EAUDIT_DATE", "EAUDIT_UACC_FK", "EAUDIT_TRAN_FK") VALUES ('117', 'DEPOSIT', '{', TO_DATE('2014-06-19 17:19:55', 'YYYY-MM-DD HH24:MI:SS'), '1', '53a2ff9be6de9');
INSERT INTO "EAUDIT" ("EAUDIT_ID", "EAUDIT_EVENT", "EAUDIT_MESSAGE", "EAUDIT_DATE", "EAUDIT_UACC_FK", "EAUDIT_TRAN_FK") VALUES ('118', 'LOGOUT', 'LOGOUT OK', TO_DATE('2014-06-19 17:19:55', 'YYYY-MM-DD HH24:MI:SS'), 'admin', null);
INSERT INTO "EAUDIT" ("EAUDIT_ID", "EAUDIT_EVENT", "EAUDIT_MESSAGE", "EAUDIT_DATE", "EAUDIT_UACC_FK", "EAUDIT_TRAN_FK") VALUES ('119', 'LOGIN', 'LOGIN OK', TO_DATE('2014-06-19 17:21:12', 'YYYY-MM-DD HH24:MI:SS'), 'admin', null);
INSERT INTO "EAUDIT" ("EAUDIT_ID", "EAUDIT_EVENT", "EAUDIT_MESSAGE", "EAUDIT_DATE", "EAUDIT_UACC_FK", "EAUDIT_TRAN_FK") VALUES ('120', 'DEPOSIT', '{', TO_DATE('2014-06-19 17:21:12', 'YYYY-MM-DD HH24:MI:SS'), '1', '53a2ffe8856e9');
INSERT INTO "EAUDIT" ("EAUDIT_ID", "EAUDIT_EVENT", "EAUDIT_MESSAGE", "EAUDIT_DATE", "EAUDIT_UACC_FK", "EAUDIT_TRAN_FK") VALUES ('121', 'LOGOUT', 'LOGOUT OK', TO_DATE('2014-06-19 17:21:12', 'YYYY-MM-DD HH24:MI:SS'), 'admin', null);
INSERT INTO "EAUDIT" ("EAUDIT_ID", "EAUDIT_EVENT", "EAUDIT_MESSAGE", "EAUDIT_DATE", "EAUDIT_UACC_FK", "EAUDIT_TRAN_FK") VALUES ('122', 'LOGIN', 'LOGIN OK', TO_DATE('2014-06-19 17:22:01', 'YYYY-MM-DD HH24:MI:SS'), 'admin', null);
INSERT INTO "EAUDIT" ("EAUDIT_ID", "EAUDIT_EVENT", "EAUDIT_MESSAGE", "EAUDIT_DATE", "EAUDIT_UACC_FK", "EAUDIT_TRAN_FK") VALUES ('123', 'DEPOSIT AUTHORIZATION FAILED', 'INVALID OTP SUPPLIED, ', TO_DATE('2014-06-19 17:22:01', 'YYYY-MM-DD HH24:MI:SS'), 'admin', null);
INSERT INTO "EAUDIT" ("EAUDIT_ID", "EAUDIT_EVENT", "EAUDIT_MESSAGE", "EAUDIT_DATE", "EAUDIT_UACC_FK", "EAUDIT_TRAN_FK") VALUES ('124', 'LOGOUT', 'LOGOUT OK', TO_DATE('2014-06-19 17:22:01', 'YYYY-MM-DD HH24:MI:SS'), 'admin', null);
INSERT INTO "EAUDIT" ("EAUDIT_ID", "EAUDIT_EVENT", "EAUDIT_MESSAGE", "EAUDIT_DATE", "EAUDIT_UACC_FK", "EAUDIT_TRAN_FK") VALUES ('125', 'LOGIN', 'LOGIN OK', TO_DATE('2014-06-19 17:27:52', 'YYYY-MM-DD HH24:MI:SS'), 'admin', null);
INSERT INTO "EAUDIT" ("EAUDIT_ID", "EAUDIT_EVENT", "EAUDIT_MESSAGE", "EAUDIT_DATE", "EAUDIT_UACC_FK", "EAUDIT_TRAN_FK") VALUES ('126', 'DEPOSIT', null, TO_DATE('2014-06-19 17:27:52', 'YYYY-MM-DD HH24:MI:SS'), '1', '53a30178a1b53');
INSERT INTO "EAUDIT" ("EAUDIT_ID", "EAUDIT_EVENT", "EAUDIT_MESSAGE", "EAUDIT_DATE", "EAUDIT_UACC_FK", "EAUDIT_TRAN_FK") VALUES ('127', 'LOGOUT', 'LOGOUT OK', TO_DATE('2014-06-19 17:27:52', 'YYYY-MM-DD HH24:MI:SS'), 'admin', null);
INSERT INTO "EAUDIT" ("EAUDIT_ID", "EAUDIT_EVENT", "EAUDIT_MESSAGE", "EAUDIT_DATE", "EAUDIT_UACC_FK", "EAUDIT_TRAN_FK") VALUES ('128', 'LOGIN', 'LOGIN OK', TO_DATE('2014-06-19 17:29:23', 'YYYY-MM-DD HH24:MI:SS'), 'admin', null);
INSERT INTO "EAUDIT" ("EAUDIT_ID", "EAUDIT_EVENT", "EAUDIT_MESSAGE", "EAUDIT_DATE", "EAUDIT_UACC_FK", "EAUDIT_TRAN_FK") VALUES ('129', 'DEPOSIT AUTHORIZATION FAILED', 'INVALID OTP SUPPLIED, ', TO_DATE('2014-06-19 17:29:23', 'YYYY-MM-DD HH24:MI:SS'), 'admin', null);
INSERT INTO "EAUDIT" ("EAUDIT_ID", "EAUDIT_EVENT", "EAUDIT_MESSAGE", "EAUDIT_DATE", "EAUDIT_UACC_FK", "EAUDIT_TRAN_FK") VALUES ('130', 'LOGOUT', 'LOGOUT OK', TO_DATE('2014-06-19 17:29:23', 'YYYY-MM-DD HH24:MI:SS'), 'admin', null);
INSERT INTO "EAUDIT" ("EAUDIT_ID", "EAUDIT_EVENT", "EAUDIT_MESSAGE", "EAUDIT_DATE", "EAUDIT_UACC_FK", "EAUDIT_TRAN_FK") VALUES ('131', 'LOGIN', 'LOGIN OK', TO_DATE('2014-06-19 17:29:34', 'YYYY-MM-DD HH24:MI:SS'), 'admin', null);
INSERT INTO "EAUDIT" ("EAUDIT_ID", "EAUDIT_EVENT", "EAUDIT_MESSAGE", "EAUDIT_DATE", "EAUDIT_UACC_FK", "EAUDIT_TRAN_FK") VALUES ('132', 'DEPOSIT', null, TO_DATE('2014-06-19 17:29:34', 'YYYY-MM-DD HH24:MI:SS'), '1', '53a301de1fe3b');
INSERT INTO "EAUDIT" ("EAUDIT_ID", "EAUDIT_EVENT", "EAUDIT_MESSAGE", "EAUDIT_DATE", "EAUDIT_UACC_FK", "EAUDIT_TRAN_FK") VALUES ('133', 'LOGOUT', 'LOGOUT OK', TO_DATE('2014-06-19 17:29:34', 'YYYY-MM-DD HH24:MI:SS'), 'admin', null);
INSERT INTO "EAUDIT" ("EAUDIT_ID", "EAUDIT_EVENT", "EAUDIT_MESSAGE", "EAUDIT_DATE", "EAUDIT_UACC_FK", "EAUDIT_TRAN_FK") VALUES ('134', 'LOGIN', 'LOGIN OK', TO_DATE('2014-06-19 17:32:01', 'YYYY-MM-DD HH24:MI:SS'), 'admin', null);
INSERT INTO "EAUDIT" ("EAUDIT_ID", "EAUDIT_EVENT", "EAUDIT_MESSAGE", "EAUDIT_DATE", "EAUDIT_UACC_FK", "EAUDIT_TRAN_FK") VALUES ('135', 'DEPOSIT AUTHORIZATION FAILED', 'INVALID OTP SUPPLIED, ', TO_DATE('2014-06-19 17:32:01', 'YYYY-MM-DD HH24:MI:SS'), 'admin', null);
INSERT INTO "EAUDIT" ("EAUDIT_ID", "EAUDIT_EVENT", "EAUDIT_MESSAGE", "EAUDIT_DATE", "EAUDIT_UACC_FK", "EAUDIT_TRAN_FK") VALUES ('136', 'LOGOUT', 'LOGOUT OK', TO_DATE('2014-06-19 17:32:01', 'YYYY-MM-DD HH24:MI:SS'), 'admin', null);
INSERT INTO "EAUDIT" ("EAUDIT_ID", "EAUDIT_EVENT", "EAUDIT_MESSAGE", "EAUDIT_DATE", "EAUDIT_UACC_FK", "EAUDIT_TRAN_FK") VALUES ('137', 'LOGIN', 'LOGIN OK', TO_DATE('2014-06-19 17:33:06', 'YYYY-MM-DD HH24:MI:SS'), 'admin', null);
INSERT INTO "EAUDIT" ("EAUDIT_ID", "EAUDIT_EVENT", "EAUDIT_MESSAGE", "EAUDIT_DATE", "EAUDIT_UACC_FK", "EAUDIT_TRAN_FK") VALUES ('138', 'DEPOSIT', 'Service Unavailable', TO_DATE('2014-06-19 17:33:06', 'YYYY-MM-DD HH24:MI:SS'), '1', '53a302b27a4ce');
INSERT INTO "EAUDIT" ("EAUDIT_ID", "EAUDIT_EVENT", "EAUDIT_MESSAGE", "EAUDIT_DATE", "EAUDIT_UACC_FK", "EAUDIT_TRAN_FK") VALUES ('139', 'LOGOUT', 'LOGOUT OK', TO_DATE('2014-06-19 17:33:06', 'YYYY-MM-DD HH24:MI:SS'), 'admin', null);
INSERT INTO "EAUDIT" ("EAUDIT_ID", "EAUDIT_EVENT", "EAUDIT_MESSAGE", "EAUDIT_DATE", "EAUDIT_UACC_FK", "EAUDIT_TRAN_FK") VALUES ('140', 'LOGIN FAILED', 'INVALID PASSWORD', TO_DATE('2014-06-19 17:33:49', 'YYYY-MM-DD HH24:MI:SS'), 'admin', null);
INSERT INTO "EAUDIT" ("EAUDIT_ID", "EAUDIT_EVENT", "EAUDIT_MESSAGE", "EAUDIT_DATE", "EAUDIT_UACC_FK", "EAUDIT_TRAN_FK") VALUES ('141', 'LOGIN', 'LOGIN OK', TO_DATE('2014-06-19 17:33:59', 'YYYY-MM-DD HH24:MI:SS'), 'admin', null);
INSERT INTO "EAUDIT" ("EAUDIT_ID", "EAUDIT_EVENT", "EAUDIT_MESSAGE", "EAUDIT_DATE", "EAUDIT_UACC_FK", "EAUDIT_TRAN_FK") VALUES ('142', 'LOGOUT', 'LOGOUT OK', TO_DATE('2014-06-19 17:48:01', 'YYYY-MM-DD HH24:MI:SS'), 'admin', null);
INSERT INTO "EAUDIT" ("EAUDIT_ID", "EAUDIT_EVENT", "EAUDIT_MESSAGE", "EAUDIT_DATE", "EAUDIT_UACC_FK", "EAUDIT_TRAN_FK") VALUES ('143', 'LOGIN', 'LOGIN OK', TO_DATE('2014-06-19 17:48:11', 'YYYY-MM-DD HH24:MI:SS'), 'moderator', null);
INSERT INTO "EAUDIT" ("EAUDIT_ID", "EAUDIT_EVENT", "EAUDIT_MESSAGE", "EAUDIT_DATE", "EAUDIT_UACC_FK", "EAUDIT_TRAN_FK") VALUES ('144', 'LOGOUT', 'LOGOUT OK', TO_DATE('2014-06-19 17:49:28', 'YYYY-MM-DD HH24:MI:SS'), 'moderator', null);
INSERT INTO "EAUDIT" ("EAUDIT_ID", "EAUDIT_EVENT", "EAUDIT_MESSAGE", "EAUDIT_DATE", "EAUDIT_UACC_FK", "EAUDIT_TRAN_FK") VALUES ('145', 'LOGIN', 'LOGIN OK', TO_DATE('2014-06-19 17:49:35', 'YYYY-MM-DD HH24:MI:SS'), 'public', null);
INSERT INTO "EAUDIT" ("EAUDIT_ID", "EAUDIT_EVENT", "EAUDIT_MESSAGE", "EAUDIT_DATE", "EAUDIT_UACC_FK", "EAUDIT_TRAN_FK") VALUES ('147', 'LOGIN', 'LOGIN OK', TO_DATE('2014-06-19 19:35:36', 'YYYY-MM-DD HH24:MI:SS'), 'public', null);
INSERT INTO "EAUDIT" ("EAUDIT_ID", "EAUDIT_EVENT", "EAUDIT_MESSAGE", "EAUDIT_DATE", "EAUDIT_UACC_FK", "EAUDIT_TRAN_FK") VALUES ('148', 'LOGIN', 'LOGIN OK', TO_DATE('2014-06-19 19:35:59', 'YYYY-MM-DD HH24:MI:SS'), 'admin', null);
INSERT INTO "EAUDIT" ("EAUDIT_ID", "EAUDIT_EVENT", "EAUDIT_MESSAGE", "EAUDIT_DATE", "EAUDIT_UACC_FK", "EAUDIT_TRAN_FK") VALUES ('149', 'LOGOUT', 'LOGOUT OK', TO_DATE('2014-06-19 19:39:36', 'YYYY-MM-DD HH24:MI:SS'), 'public', null);
INSERT INTO "EAUDIT" ("EAUDIT_ID", "EAUDIT_EVENT", "EAUDIT_MESSAGE", "EAUDIT_DATE", "EAUDIT_UACC_FK", "EAUDIT_TRAN_FK") VALUES ('150', 'LOGOUT', 'LOGOUT OK', TO_DATE('2014-06-19 21:55:39', 'YYYY-MM-DD HH24:MI:SS'), 'admin', null);
INSERT INTO "EAUDIT" ("EAUDIT_ID", "EAUDIT_EVENT", "EAUDIT_MESSAGE", "EAUDIT_DATE", "EAUDIT_UACC_FK", "EAUDIT_TRAN_FK") VALUES ('151', 'LOGIN', 'LOGIN OK', TO_DATE('2014-06-19 21:55:54', 'YYYY-MM-DD HH24:MI:SS'), 'public', null);
INSERT INTO "EAUDIT" ("EAUDIT_ID", "EAUDIT_EVENT", "EAUDIT_MESSAGE", "EAUDIT_DATE", "EAUDIT_UACC_FK", "EAUDIT_TRAN_FK") VALUES ('193', 'FAILED LOGIN', 'INVALID LOGIN CREDENTIALS', TO_DATE('2014-06-22 07:52:27', 'YYYY-MM-DD HH24:MI:SS'), 'admian', null);
INSERT INTO "EAUDIT" ("EAUDIT_ID", "EAUDIT_EVENT", "EAUDIT_MESSAGE", "EAUDIT_DATE", "EAUDIT_UACC_FK", "EAUDIT_TRAN_FK") VALUES ('197', 'LOGIN', 'LOGIN OK', TO_DATE('2014-06-22 07:52:46', 'YYYY-MM-DD HH24:MI:SS'), 'admin', null);
INSERT INTO "EAUDIT" ("EAUDIT_ID", "EAUDIT_EVENT", "EAUDIT_MESSAGE", "EAUDIT_DATE", "EAUDIT_UACC_FK", "EAUDIT_TRAN_FK") VALUES ('198', 'AUTHORIZATION FAILED', 'DEVICE NOT AUTHORIZED', TO_DATE('2014-06-22 07:52:46', 'YYYY-MM-DD HH24:MI:SS'), 'admin', null);
INSERT INTO "EAUDIT" ("EAUDIT_ID", "EAUDIT_EVENT", "EAUDIT_MESSAGE", "EAUDIT_DATE", "EAUDIT_UACC_FK", "EAUDIT_TRAN_FK") VALUES ('262', 'LOGIN', 'LOGIN OK', TO_DATE('2014-06-24 22:45:24', 'YYYY-MM-DD HH24:MI:SS'), 'admin', null);
INSERT INTO "EAUDIT" ("EAUDIT_ID", "EAUDIT_EVENT", "EAUDIT_MESSAGE", "EAUDIT_DATE", "EAUDIT_UACC_FK", "EAUDIT_TRAN_FK") VALUES ('263', 'LOGOUT', 'LOGOUT OK', TO_DATE('2014-06-24 22:45:24', 'YYYY-MM-DD HH24:MI:SS'), 'admin', null);
INSERT INTO "EAUDIT" ("EAUDIT_ID", "EAUDIT_EVENT", "EAUDIT_MESSAGE", "EAUDIT_DATE", "EAUDIT_UACC_FK", "EAUDIT_TRAN_FK") VALUES ('341', 'LOGIN', 'LOGIN OK', TO_DATE('2014-06-26 16:05:52', 'YYYY-MM-DD HH24:MI:SS'), 'admin', null);
INSERT INTO "EAUDIT" ("EAUDIT_ID", "EAUDIT_EVENT", "EAUDIT_MESSAGE", "EAUDIT_DATE", "EAUDIT_UACC_FK", "EAUDIT_TRAN_FK") VALUES ('342', 'LOGOUT', 'LOGOUT OK', TO_DATE('2014-06-26 16:05:52', 'YYYY-MM-DD HH24:MI:SS'), 'admin', null);


INSERT INTO "HOLIDAY" ("HOLIDAY_ID", "HOLIDAY_NAME", "HOLIDAY_START", "HOLIDAY_END", "HOLIDAY_CREATED_AT", "HOLIDAY_UPDATED_AT", "HOLIDAY_CREATED_BY", "HOLIDAY_IS_DELETED", "HOLIDAY_UPDATED_BY", "HOLIDAY_STATUS") VALUES ('45', 'winter', TO_DATE('2014-04-03 00:00:00', 'YYYY-MM-DD HH24:MI:SS'), TO_DATE('2014-06-03 23:59:59', 'YYYY-MM-DD HH24:MI:SS'), TO_DATE('2014-06-04 10:45:14', 'YYYY-MM-DD HH24:MI:SS'), TO_DATE('2014-06-06 13:27:01', 'YYYY-MM-DD HH24:MI:SS'), '1', '1', '1', '1');
INSERT INTO "HOLIDAY" ("HOLIDAY_ID", "HOLIDAY_NAME", "HOLIDAY_START", "HOLIDAY_END", "HOLIDAY_CREATED_AT", "HOLIDAY_UPDATED_AT", "HOLIDAY_CREATED_BY", "HOLIDAY_IS_DELETED", "HOLIDAY_UPDATED_BY", "HOLIDAY_STATUS") VALUES ('44', 'FFresh', TO_DATE('2014-06-03 00:00:00', 'YYYY-MM-DD HH24:MI:SS'), TO_DATE('2014-06-03 23:59:59', 'YYYY-MM-DD HH24:MI:SS'), TO_DATE('2014-06-03 12:58:47', 'YYYY-MM-DD HH24:MI:SS'), null, '1', '1', null, '1');

INSERT INTO "IAUDIT" ("IAUDIT_ID", "IAUDIT_TABLE_NAME", "IAUDIT_COLUMN", "IAUDIT_ROW", "IAUDIT_CHANGED_DATE", "IAUDIT_CHANGED_BY", "IAUDIT_OLD_VALUE", "IAUDIT_NEW_VALUE", "IAUDIT_TYPE") VALUES ('1', 'devices', 'device_name', '1', TO_DATE('2014-03-17 00:00:00', 'YYYY-MM-DD HH24:MI:SS'), '1', 'S4', 'S44', 'UPDATE');
INSERT INTO "IAUDIT" ("IAUDIT_ID", "IAUDIT_TABLE_NAME", "IAUDIT_COLUMN", "IAUDIT_ROW", "IAUDIT_CHANGED_DATE", "IAUDIT_CHANGED_BY", "IAUDIT_OLD_VALUE", "IAUDIT_NEW_VALUE", "IAUDIT_TYPE") VALUES ('2', 'devices', 'device_type', '1', TO_DATE('2014-03-17 00:00:00', 'YYYY-MM-DD HH24:MI:SS'), '1', 'Android', 'Androidz', 'UPDATE');
INSERT INTO "IAUDIT" ("IAUDIT_ID", "IAUDIT_TABLE_NAME", "IAUDIT_COLUMN", "IAUDIT_ROW", "IAUDIT_CHANGED_DATE", "IAUDIT_CHANGED_BY", "IAUDIT_OLD_VALUE", "IAUDIT_NEW_VALUE", "IAUDIT_TYPE") VALUES ('3', 'devices', 'device_uniq_id', '1', TO_DATE('2014-03-17 00:00:00', 'YYYY-MM-DD HH24:MI:SS'), '1', 'ALKO', 'ALKOz', 'UPDATE');
INSERT INTO "IAUDIT" ("IAUDIT_ID", "IAUDIT_TABLE_NAME", "IAUDIT_COLUMN", "IAUDIT_ROW", "IAUDIT_CHANGED_DATE", "IAUDIT_CHANGED_BY", "IAUDIT_OLD_VALUE", "IAUDIT_NEW_VALUE", "IAUDIT_TYPE") VALUES ('4', 'holiday', 'holiday_name', '1', TO_DATE('2014-03-17 04:41:53', 'YYYY-MM-DD HH24:MI:SS'), '1', 'Christmas Break III', 'Christmas Break IIII', 'UPDATE');
INSERT INTO "IAUDIT" ("IAUDIT_ID", "IAUDIT_TABLE_NAME", "IAUDIT_COLUMN", "IAUDIT_ROW", "IAUDIT_CHANGED_DATE", "IAUDIT_CHANGED_BY", "IAUDIT_OLD_VALUE", "IAUDIT_NEW_VALUE", "IAUDIT_TYPE") VALUES ('5', 'holiday', 'holiday_start', '1', TO_DATE('2014-03-17 04:41:53', 'YYYY-MM-DD HH24:MI:SS'), '1', '2014-03-11', '2014-03-18', 'UPDATE');
INSERT INTO "IAUDIT" ("IAUDIT_ID", "IAUDIT_TABLE_NAME", "IAUDIT_COLUMN", "IAUDIT_ROW", "IAUDIT_CHANGED_DATE", "IAUDIT_CHANGED_BY", "IAUDIT_OLD_VALUE", "IAUDIT_NEW_VALUE", "IAUDIT_TYPE") VALUES ('6', 'devices', 'device_is_deleted', '2', TO_DATE('2014-03-14 00:00:00', 'YYYY-MM-DD HH24:MI:SS'), '1', '0', '1', 'UPDATE');
INSERT INTO "IAUDIT" ("IAUDIT_ID", "IAUDIT_TABLE_NAME", "IAUDIT_COLUMN", "IAUDIT_ROW", "IAUDIT_CHANGED_DATE", "IAUDIT_CHANGED_BY", "IAUDIT_OLD_VALUE", "IAUDIT_NEW_VALUE", "IAUDIT_TYPE") VALUES ('7', 'devices', 'device_is_deleted', '3', TO_DATE('2014-05-14 09:42:26', 'YYYY-MM-DD HH24:MI:SS'), '2', '0', '1', 'DELETE');
INSERT INTO "IAUDIT" ("IAUDIT_ID", "IAUDIT_TABLE_NAME", "IAUDIT_COLUMN", "IAUDIT_ROW", "IAUDIT_CHANGED_DATE", "IAUDIT_CHANGED_BY", "IAUDIT_OLD_VALUE", "IAUDIT_NEW_VALUE", "IAUDIT_TYPE") VALUES ('8', 'holiday', 'holiday_start', '1', TO_DATE('2014-03-18 10:29:38', 'YYYY-MM-DD HH24:MI:SS'), '1', '2014-03-18', '2014-03-17', 'UPDATE');
INSERT INTO "IAUDIT" ("IAUDIT_ID", "IAUDIT_TABLE_NAME", "IAUDIT_COLUMN", "IAUDIT_ROW", "IAUDIT_CHANGED_DATE", "IAUDIT_CHANGED_BY", "IAUDIT_OLD_VALUE", "IAUDIT_NEW_VALUE", "IAUDIT_TYPE") VALUES ('9', 'holiday', 'holiday_end', '1', TO_DATE('2014-03-18 10:29:38', 'YYYY-MM-DD HH24:MI:SS'), '1', '2014-03-10', '2014-03-17', 'UPDATE');
INSERT INTO "IAUDIT" ("IAUDIT_ID", "IAUDIT_TABLE_NAME", "IAUDIT_COLUMN", "IAUDIT_ROW", "IAUDIT_CHANGED_DATE", "IAUDIT_CHANGED_BY", "IAUDIT_OLD_VALUE", "IAUDIT_NEW_VALUE", "IAUDIT_TYPE") VALUES ('10', 'holiday', 'holiday_start', '3', TO_DATE('2014-04-03 18:03:51', 'YYYY-MM-DD HH24:MI:SS'), '1', '0000-00-00', '2014-04-02', 'UPDATE');
INSERT INTO "IAUDIT" ("IAUDIT_ID", "IAUDIT_TABLE_NAME", "IAUDIT_COLUMN", "IAUDIT_ROW", "IAUDIT_CHANGED_DATE", "IAUDIT_CHANGED_BY", "IAUDIT_OLD_VALUE", "IAUDIT_NEW_VALUE", "IAUDIT_TYPE") VALUES ('11', 'holiday', 'holiday_end', '3', TO_DATE('2014-04-03 18:03:51', 'YYYY-MM-DD HH24:MI:SS'), '1', '0000-00-00', '2014-04-03', 'UPDATE');
INSERT INTO "IAUDIT" ("IAUDIT_ID", "IAUDIT_TABLE_NAME", "IAUDIT_COLUMN", "IAUDIT_ROW", "IAUDIT_CHANGED_DATE", "IAUDIT_CHANGED_BY", "IAUDIT_OLD_VALUE", "IAUDIT_NEW_VALUE", "IAUDIT_TYPE") VALUES ('12', 'holiday', 'holiday_is_deleted', '1', TO_DATE('2014-03-18 10:29:38', 'YYYY-MM-DD HH24:MI:SS'), '1', '0', '1', 'UPDATE');
INSERT INTO "IAUDIT" ("IAUDIT_ID", "IAUDIT_TABLE_NAME", "IAUDIT_COLUMN", "IAUDIT_ROW", "IAUDIT_CHANGED_DATE", "IAUDIT_CHANGED_BY", "IAUDIT_OLD_VALUE", "IAUDIT_NEW_VALUE", "IAUDIT_TYPE") VALUES ('13', 'holiday', 'holiday_name', '3', TO_DATE('2014-04-30 21:57:51', 'YYYY-MM-DD HH24:MI:SS'), '1', 'Independence Day', 'Independence Day lop', 'UPDATE');
INSERT INTO "IAUDIT" ("IAUDIT_ID", "IAUDIT_TABLE_NAME", "IAUDIT_COLUMN", "IAUDIT_ROW", "IAUDIT_CHANGED_DATE", "IAUDIT_CHANGED_BY", "IAUDIT_OLD_VALUE", "IAUDIT_NEW_VALUE", "IAUDIT_TYPE") VALUES ('14', 'holiday', 'holiday_name', '4', TO_DATE('2014-04-30 21:58:04', 'YYYY-MM-DD HH24:MI:SS'), '1', 'Independence Day', 'Independence Day NH', 'UPDATE');
INSERT INTO "IAUDIT" ("IAUDIT_ID", "IAUDIT_TABLE_NAME", "IAUDIT_COLUMN", "IAUDIT_ROW", "IAUDIT_CHANGED_DATE", "IAUDIT_CHANGED_BY", "IAUDIT_OLD_VALUE", "IAUDIT_NEW_VALUE", "IAUDIT_TYPE") VALUES ('15', 'holiday', 'holiday_name', '4', TO_DATE('2014-04-30 21:58:26', 'YYYY-MM-DD HH24:MI:SS'), '1', 'Independence Day NH', 'Independence Day NHO', 'UPDATE');
INSERT INTO "IAUDIT" ("IAUDIT_ID", "IAUDIT_TABLE_NAME", "IAUDIT_COLUMN", "IAUDIT_ROW", "IAUDIT_CHANGED_DATE", "IAUDIT_CHANGED_BY", "IAUDIT_OLD_VALUE", "IAUDIT_NEW_VALUE", "IAUDIT_TYPE") VALUES ('16', 'holiday', 'holiday_name', '3', TO_DATE('2014-04-30 21:58:39', 'YYYY-MM-DD HH24:MI:SS'), '1', 'Independence Day lop', 'Independence Day', 'UPDATE');

INSERT INTO "LOCATION_REFERENCE" ("COORDS", "ADDRESS") VALUES ('0', 'N/A');
INSERT INTO "LOCATION_REFERENCE" ("COORDS", "ADDRESS") VALUES ('12345,45678', 'N/A');
INSERT INTO "LOCATION_REFERENCE" ("COORDS", "ADDRESS") VALUES ('6.430808,3.443254', 'Yesuf Abiodun Way, Eti-Osa, Lagos, Nigeria');
INSERT INTO "LOCATION_REFERENCE" ("COORDS", "ADDRESS") VALUES ('6.5111703,3.3527734', 'Ogulana Drive, Surulere, Lagos, Nigeria');
INSERT INTO "LOCATION_REFERENCE" ("COORDS", "ADDRESS") VALUES ('6.5112946;3.3530372', '13 Ogulana Drive, Surulere, Lagos, Nigeria');


INSERT INTO "TRAN_COUNT_CUSTOMER" ("ACCOUNT_NUMBER", "NUM_WITHDRAWAL", "NUM_DEPOSIT", "SUM_WITHDRAWAL", "SUM_DEPOSIT") VALUES ('0000014579', '0', '0', '0', '0');
INSERT INTO "TRAN_COUNT_CUSTOMER" ("ACCOUNT_NUMBER", "NUM_WITHDRAWAL", "NUM_DEPOSIT", "SUM_WITHDRAWAL", "SUM_DEPOSIT") VALUES ('0000014580', '0', '0', '0', '0');
INSERT INTO "TRAN_COUNT_CUSTOMER" ("ACCOUNT_NUMBER", "NUM_WITHDRAWAL", "NUM_DEPOSIT", "SUM_WITHDRAWAL", "SUM_DEPOSIT") VALUES ('0000014581', '0', '0', '0', '0');
INSERT INTO "TRAN_COUNT_CUSTOMER" ("ACCOUNT_NUMBER", "NUM_WITHDRAWAL", "NUM_DEPOSIT", "SUM_WITHDRAWAL", "SUM_DEPOSIT") VALUES ('0000014582', '0', '0', '0', '0');
INSERT INTO "TRAN_COUNT_CUSTOMER" ("ACCOUNT_NUMBER", "NUM_WITHDRAWAL", "NUM_DEPOSIT", "SUM_WITHDRAWAL", "SUM_DEPOSIT") VALUES ('0000014583', '0', '0', '0', '0');
INSERT INTO "TRAN_COUNT_CUSTOMER" ("ACCOUNT_NUMBER", "NUM_WITHDRAWAL", "NUM_DEPOSIT", "SUM_WITHDRAWAL", "SUM_DEPOSIT") VALUES ('0000014584', '0', '0', '0', '0');
INSERT INTO "TRAN_COUNT_CUSTOMER" ("ACCOUNT_NUMBER", "NUM_WITHDRAWAL", "NUM_DEPOSIT", "SUM_WITHDRAWAL", "SUM_DEPOSIT") VALUES ('0000014585', '0', '0', '0', '0');
INSERT INTO "TRAN_COUNT_CUSTOMER" ("ACCOUNT_NUMBER", "NUM_WITHDRAWAL", "NUM_DEPOSIT", "SUM_WITHDRAWAL", "SUM_DEPOSIT") VALUES ('0000014586', '0', '0', '0', '0');
INSERT INTO "TRAN_COUNT_CUSTOMER" ("ACCOUNT_NUMBER", "NUM_WITHDRAWAL", "NUM_DEPOSIT", "SUM_WITHDRAWAL", "SUM_DEPOSIT") VALUES ('0000014587', '0', '0', '0', '0');
INSERT INTO "TRAN_COUNT_CUSTOMER" ("ACCOUNT_NUMBER", "NUM_WITHDRAWAL", "NUM_DEPOSIT", "SUM_WITHDRAWAL", "SUM_DEPOSIT") VALUES ('0000014588', '0', '0', '0', '0');
INSERT INTO "TRAN_COUNT_CUSTOMER" ("ACCOUNT_NUMBER", "NUM_WITHDRAWAL", "NUM_DEPOSIT", "SUM_WITHDRAWAL", "SUM_DEPOSIT") VALUES ('0000014589', '0', '0', '0', '0');
INSERT INTO "TRAN_COUNT_CUSTOMER" ("ACCOUNT_NUMBER", "NUM_WITHDRAWAL", "NUM_DEPOSIT", "SUM_WITHDRAWAL", "SUM_DEPOSIT") VALUES ('0000014590', '0', '0', '0', '0');
INSERT INTO "TRAN_COUNT_CUSTOMER" ("ACCOUNT_NUMBER", "NUM_WITHDRAWAL", "NUM_DEPOSIT", "SUM_WITHDRAWAL", "SUM_DEPOSIT") VALUES ('0', '0', '0', '0', '0');
INSERT INTO "TRAN_COUNT_CUSTOMER" ("ACCOUNT_NUMBER", "NUM_WITHDRAWAL", "NUM_DEPOSIT", "SUM_WITHDRAWAL", "SUM_DEPOSIT") VALUES ('9999999999', '1', '3', '1000', '300');

INSERT INTO "TRAN_COUNT_DSA_ARCHIVE" ("DSA", "NUM_WITHDRAWAL", "NUM_DEPOSIT", "SUM_WITHDRAWAL", "SUM_DEPOSIT", "TRAN_DATE") VALUES ('1', '0', '1', '0', '100', TO_DATE('2014-06-06 00:00:00', 'YYYY-MM-DD HH24:MI:SS'));
INSERT INTO "TRAN_COUNT_DSA_ARCHIVE" ("DSA", "NUM_WITHDRAWAL", "NUM_DEPOSIT", "SUM_WITHDRAWAL", "SUM_DEPOSIT", "TRAN_DATE") VALUES ('1', '16', '10', '418', '10320', TO_DATE('2014-04-01 00:00:00', 'YYYY-MM-DD HH24:MI:SS'));


INSERT INTO "TRAN_COUNT_DSA_TEMP" ("DSA", "NUM_WITHDRAWAL", "NUM_DEPOSIT", "SUM_WITHDRAWAL", "SUM_DEPOSIT", "TRAN_DATE") VALUES ('1', '0', '1', '0', '100', TO_DATE('2014-06-20 00:00:00', 'YYYY-MM-DD HH24:MI:SS'));
INSERT INTO "TRAN_COUNT_DSA_TEMP" ("DSA", "NUM_WITHDRAWAL", "NUM_DEPOSIT", "SUM_WITHDRAWAL", "SUM_DEPOSIT", "TRAN_DATE") VALUES ('1', '1', '1', '100', '100', TO_DATE('2014-06-13 00:00:00', 'YYYY-MM-DD HH24:MI:SS'));
INSERT INTO "TRAN_COUNT_DSA_TEMP" ("DSA", "NUM_WITHDRAWAL", "NUM_DEPOSIT", "SUM_WITHDRAWAL", "SUM_DEPOSIT", "TRAN_DATE") VALUES ('1', '0', '3', '0', '300', TO_DATE('2014-06-10 00:00:00', 'YYYY-MM-DD HH24:MI:SS'));
INSERT INTO "TRAN_COUNT_DSA_TEMP" ("DSA", "NUM_WITHDRAWAL", "NUM_DEPOSIT", "SUM_WITHDRAWAL", "SUM_DEPOSIT", "TRAN_DATE") VALUES ('3', '185', '56', '1422.79', '5485', TO_DATE('2014-06-10 00:00:00', 'YYYY-MM-DD HH24:MI:SS'));
INSERT INTO "TRAN_COUNT_DSA_TEMP" ("DSA", "NUM_WITHDRAWAL", "NUM_DEPOSIT", "SUM_WITHDRAWAL", "SUM_DEPOSIT", "TRAN_DATE") VALUES ('1', '0', '1', '0', '100', TO_DATE('2014-06-16 00:00:00', 'YYYY-MM-DD HH24:MI:SS'));
INSERT INTO "TRAN_COUNT_DSA_TEMP" ("DSA", "NUM_WITHDRAWAL", "NUM_DEPOSIT", "SUM_WITHDRAWAL", "SUM_DEPOSIT", "TRAN_DATE") VALUES ('1', '1', '1', '1000', '100', TO_DATE('2014-06-18 00:00:00', 'YYYY-MM-DD HH24:MI:SS'));


INSERT INTO "TRAN_REQUEST" ("TRAN_REQ_ID", "TRAN_REQ_DATE", "TRAN_REQ_INITIATOR", "TRAN_REQ_INITIATOR_DEVICE", "TRAN_REQ_TYPE", "TRAN_REQ_LOCATION", "TRAN_REQ_CUSTOMER", "TRAN_REQ_AMOUNT", "TRAN_REQ_RESP_CODE", "TRAN_REQ_RESP_MSG", "TRAN_REQ_RESP_DATE", "TRAN_REQ_JOINER") VALUES ('21', TO_DATE('2014-04-13 12:50:51', 'YYYY-MM-DD HH24:MI:SS'), '1', '90c0da760244dda3', 'WITHDRAWAL', '0', '0000014579', '1000', '00', 'COMPLETE', TO_DATE('2014-06-13 12:50:51', 'YYYY-MM-DD HH24:MI:SS'), '5391b9b172192');
INSERT INTO "TRAN_REQUEST" ("TRAN_REQ_ID", "TRAN_REQ_DATE", "TRAN_REQ_INITIATOR", "TRAN_REQ_INITIATOR_DEVICE", "TRAN_REQ_TYPE", "TRAN_REQ_LOCATION", "TRAN_REQ_CUSTOMER", "TRAN_REQ_AMOUNT", "TRAN_REQ_RESP_CODE", "TRAN_REQ_RESP_MSG", "TRAN_REQ_RESP_DATE", "TRAN_REQ_JOINER") VALUES ('22', TO_DATE('2014-03-13 12:50:52', 'YYYY-MM-DD HH24:MI:SS'), '1', '90c0da760244dda3', 'WITHDRAWAL', '0', '0000014580', '1000', '00', 'COMPLETE', TO_DATE('2014-06-13 12:50:52', 'YYYY-MM-DD HH24:MI:SS'), '5391b9b172192');
INSERT INTO "TRAN_REQUEST" ("TRAN_REQ_ID", "TRAN_REQ_DATE", "TRAN_REQ_INITIATOR", "TRAN_REQ_INITIATOR_DEVICE", "TRAN_REQ_TYPE", "TRAN_REQ_LOCATION", "TRAN_REQ_CUSTOMER", "TRAN_REQ_AMOUNT", "TRAN_REQ_RESP_CODE", "TRAN_REQ_RESP_MSG", "TRAN_REQ_RESP_DATE", "TRAN_REQ_JOINER") VALUES ('23', TO_DATE('2014-01-13 12:50:52', 'YYYY-MM-DD HH24:MI:SS'), '1', '90c0da760244dda3', 'DEPOSIT', '0', '0000014581', '2200', '00', 'COMPLETE', TO_DATE('2014-06-13 12:50:52', 'YYYY-MM-DD HH24:MI:SS'), '5391b9b172192');
INSERT INTO "TRAN_REQUEST" ("TRAN_REQ_ID", "TRAN_REQ_DATE", "TRAN_REQ_INITIATOR", "TRAN_REQ_INITIATOR_DEVICE", "TRAN_REQ_TYPE", "TRAN_REQ_LOCATION", "TRAN_REQ_CUSTOMER", "TRAN_REQ_AMOUNT", "TRAN_REQ_RESP_CODE", "TRAN_REQ_RESP_MSG", "TRAN_REQ_RESP_DATE", "TRAN_REQ_JOINER") VALUES ('24', TO_DATE('2014-06-13 12:50:52', 'YYYY-MM-DD HH24:MI:SS'), '1', '90c0da760244dda3', 'DEPOSIT', '0', '0000014582', '500', '00', 'COMPLETE', TO_DATE('2014-06-13 12:50:52', 'YYYY-MM-DD HH24:MI:SS'), '5391b9b172192');
INSERT INTO "TRAN_REQUEST" ("TRAN_REQ_ID", "TRAN_REQ_DATE", "TRAN_REQ_INITIATOR", "TRAN_REQ_INITIATOR_DEVICE", "TRAN_REQ_TYPE", "TRAN_REQ_LOCATION", "TRAN_REQ_CUSTOMER", "TRAN_REQ_AMOUNT", "TRAN_REQ_RESP_CODE", "TRAN_REQ_RESP_MSG", "TRAN_REQ_RESP_DATE", "TRAN_REQ_JOINER") VALUES ('25', TO_DATE('2014-06-13 12:50:52', 'YYYY-MM-DD HH24:MI:SS'), '1', '90c0da760244dda3', 'DEPOSIT', '0', '0000014583', '5000', '00', 'COMPLETE', TO_DATE('2014-06-13 12:50:52', 'YYYY-MM-DD HH24:MI:SS'), '5391b9b172192');
INSERT INTO "TRAN_REQUEST" ("TRAN_REQ_ID", "TRAN_REQ_DATE", "TRAN_REQ_INITIATOR", "TRAN_REQ_INITIATOR_DEVICE", "TRAN_REQ_TYPE", "TRAN_REQ_LOCATION", "TRAN_REQ_CUSTOMER", "TRAN_REQ_AMOUNT", "TRAN_REQ_RESP_CODE", "TRAN_REQ_RESP_MSG", "TRAN_REQ_RESP_DATE", "TRAN_REQ_JOINER") VALUES ('26', TO_DATE('2014-02-13 12:50:52', 'YYYY-MM-DD HH24:MI:SS'), '5', '90c0da760244dda3', 'DEPOSIT', '0', '0000014584', '1500', '00', 'COMPLETE', TO_DATE('2014-06-13 12:50:52', 'YYYY-MM-DD HH24:MI:SS'), '5391b9b172192');
INSERT INTO "TRAN_REQUEST" ("TRAN_REQ_ID", "TRAN_REQ_DATE", "TRAN_REQ_INITIATOR", "TRAN_REQ_INITIATOR_DEVICE", "TRAN_REQ_TYPE", "TRAN_REQ_LOCATION", "TRAN_REQ_CUSTOMER", "TRAN_REQ_AMOUNT", "TRAN_REQ_RESP_CODE", "TRAN_REQ_RESP_MSG", "TRAN_REQ_RESP_DATE", "TRAN_REQ_JOINER") VALUES ('27', TO_DATE('2014-06-13 12:50:52', 'YYYY-MM-DD HH24:MI:SS'), '5', '90c0da760244dda3', 'DEPOSIT', '0', '0000014585', '1500', '00', 'COMPLETE', TO_DATE('2014-06-13 12:50:52', 'YYYY-MM-DD HH24:MI:SS'), '5391b9b172192');
INSERT INTO "TRAN_REQUEST" ("TRAN_REQ_ID", "TRAN_REQ_DATE", "TRAN_REQ_INITIATOR", "TRAN_REQ_INITIATOR_DEVICE", "TRAN_REQ_TYPE", "TRAN_REQ_LOCATION", "TRAN_REQ_CUSTOMER", "TRAN_REQ_AMOUNT", "TRAN_REQ_RESP_CODE", "TRAN_REQ_RESP_MSG", "TRAN_REQ_RESP_DATE", "TRAN_REQ_JOINER") VALUES ('28', TO_DATE('2014-06-13 12:50:52', 'YYYY-MM-DD HH24:MI:SS'), '5', '90c0da760244dda3', 'WITHDRAWAL', '0', '0000014586', '1500', '00', 'COMPLETE', TO_DATE('2014-06-13 12:50:52', 'YYYY-MM-DD HH24:MI:SS'), '5391b9b172192');
INSERT INTO "TRAN_REQUEST" ("TRAN_REQ_ID", "TRAN_REQ_DATE", "TRAN_REQ_INITIATOR", "TRAN_REQ_INITIATOR_DEVICE", "TRAN_REQ_TYPE", "TRAN_REQ_LOCATION", "TRAN_REQ_CUSTOMER", "TRAN_REQ_AMOUNT", "TRAN_REQ_RESP_CODE", "TRAN_REQ_RESP_MSG", "TRAN_REQ_RESP_DATE", "TRAN_REQ_JOINER") VALUES ('29', TO_DATE('2014-06-16 12:50:52', 'YYYY-MM-DD HH24:MI:SS'), '1', '90c0da760244dda3', 'WITHDRAWAL', '0', '0000014587', '300', '00', 'COMPLETE', TO_DATE('2014-06-13 12:50:52', 'YYYY-MM-DD HH24:MI:SS'), '5391b9b172192');
INSERT INTO "TRAN_REQUEST" ("TRAN_REQ_ID", "TRAN_REQ_DATE", "TRAN_REQ_INITIATOR", "TRAN_REQ_INITIATOR_DEVICE", "TRAN_REQ_TYPE", "TRAN_REQ_LOCATION", "TRAN_REQ_CUSTOMER", "TRAN_REQ_AMOUNT", "TRAN_REQ_RESP_CODE", "TRAN_REQ_RESP_MSG", "TRAN_REQ_RESP_DATE", "TRAN_REQ_JOINER") VALUES ('30', TO_DATE('2014-06-13 12:50:52', 'YYYY-MM-DD HH24:MI:SS'), '3', '90c0da760244dda3', 'WITHDRAWAL', '0', '0000014588', '200', '00', 'COMPLETE', TO_DATE('2014-06-13 12:50:52', 'YYYY-MM-DD HH24:MI:SS'), '5391b9b172192');
INSERT INTO "TRAN_REQUEST" ("TRAN_REQ_ID", "TRAN_REQ_DATE", "TRAN_REQ_INITIATOR", "TRAN_REQ_INITIATOR_DEVICE", "TRAN_REQ_TYPE", "TRAN_REQ_LOCATION", "TRAN_REQ_CUSTOMER", "TRAN_REQ_AMOUNT", "TRAN_REQ_RESP_CODE", "TRAN_REQ_RESP_MSG", "TRAN_REQ_RESP_DATE", "TRAN_REQ_JOINER") VALUES ('31', TO_DATE('2014-06-13 12:50:52', 'YYYY-MM-DD HH24:MI:SS'), '3', '90c0da760244dda3', 'WITHDRAWAL', '0', '0000014589', '200', '00', 'COMPLETE', TO_DATE('2014-06-13 12:50:52', 'YYYY-MM-DD HH24:MI:SS'), '5391b9b172192');
INSERT INTO "TRAN_REQUEST" ("TRAN_REQ_ID", "TRAN_REQ_DATE", "TRAN_REQ_INITIATOR", "TRAN_REQ_INITIATOR_DEVICE", "TRAN_REQ_TYPE", "TRAN_REQ_LOCATION", "TRAN_REQ_CUSTOMER", "TRAN_REQ_AMOUNT", "TRAN_REQ_RESP_CODE", "TRAN_REQ_RESP_MSG", "TRAN_REQ_RESP_DATE", "TRAN_REQ_JOINER") VALUES ('32', TO_DATE('2014-06-16 12:50:52', 'YYYY-MM-DD HH24:MI:SS'), '3', '90c0da760244dda3', 'WITHDRAWAL', '0', '0000014590', '200', '00', 'COMPLETE', TO_DATE('2014-06-13 12:50:52', 'YYYY-MM-DD HH24:MI:SS'), '5391b9b172192');
INSERT INTO "TRAN_REQUEST" ("TRAN_REQ_ID", "TRAN_REQ_DATE", "TRAN_REQ_INITIATOR", "TRAN_REQ_INITIATOR_DEVICE", "TRAN_REQ_TYPE", "TRAN_REQ_LOCATION", "TRAN_REQ_CUSTOMER", "TRAN_REQ_AMOUNT", "TRAN_REQ_RESP_CODE", "TRAN_REQ_RESP_MSG", "TRAN_REQ_RESP_DATE", "TRAN_REQ_JOINER") VALUES ('38', TO_DATE('2014-06-13 12:50:52', 'YYYY-MM-DD HH24:MI:SS'), '3', '90c0da760244dda3', 'WITHDRAWAL', '0', '0000014590', '200', '00', 'COMPLETE', TO_DATE('2014-06-13 12:50:52', 'YYYY-MM-DD HH24:MI:SS'), '5391b9b172192');
INSERT INTO "TRAN_REQUEST" ("TRAN_REQ_ID", "TRAN_REQ_DATE", "TRAN_REQ_INITIATOR", "TRAN_REQ_INITIATOR_DEVICE", "TRAN_REQ_TYPE", "TRAN_REQ_LOCATION", "TRAN_REQ_CUSTOMER", "TRAN_REQ_AMOUNT", "TRAN_REQ_RESP_CODE", "TRAN_REQ_RESP_MSG", "TRAN_REQ_RESP_DATE", "TRAN_REQ_JOINER") VALUES ('39', TO_DATE('2014-06-12 11:42:30', 'YYYY-MM-DD HH24:MI:SS'), '1', '90c0da760244dda3', 'DEPOSIT', '0', '9999999999', '100', '00', 'DEPOSIT OF NGN100.0 COMPLETE', TO_DATE('2014-06-12 11:42:30', 'YYYY-MM-DD HH24:MI:SS'), '53919b10be4e6');
INSERT INTO "TRAN_REQUEST" ("TRAN_REQ_ID", "TRAN_REQ_DATE", "TRAN_REQ_INITIATOR", "TRAN_REQ_INITIATOR_DEVICE", "TRAN_REQ_TYPE", "TRAN_REQ_LOCATION", "TRAN_REQ_CUSTOMER", "TRAN_REQ_AMOUNT", "TRAN_REQ_RESP_CODE", "TRAN_REQ_RESP_MSG", "TRAN_REQ_RESP_DATE", "TRAN_REQ_JOINER") VALUES ('40', TO_DATE('2014-06-06 14:53:05', 'YYYY-MM-DD HH24:MI:SS'), '3', '90c0da760244dda3', 'DEPOSIT', '0', '9999999999', '100', '00', 'DEPOSIT OF NGN100.0 COMPLETE', TO_DATE('2014-06-06 13:53:08', 'YYYY-MM-DD HH24:MI:SS'), '5391b9b172192');
INSERT INTO "TRAN_REQUEST" ("TRAN_REQ_ID", "TRAN_REQ_DATE", "TRAN_REQ_INITIATOR", "TRAN_REQ_INITIATOR_DEVICE", "TRAN_REQ_TYPE", "TRAN_REQ_LOCATION", "TRAN_REQ_CUSTOMER", "TRAN_REQ_AMOUNT", "TRAN_REQ_RESP_CODE", "TRAN_REQ_RESP_MSG", "TRAN_REQ_RESP_DATE", "TRAN_REQ_JOINER") VALUES ('41', TO_DATE('2014-06-06 14:53:05', 'YYYY-MM-DD HH24:MI:SS'), '3', '90c0da760244dda3', 'DEPOSIT', '0', '9999999999', '100', '00', 'DEPOSIT OF NGN100.0 COMPLETE', TO_DATE('2014-06-06 13:53:08', 'YYYY-MM-DD HH24:MI:SS'), '5391b9b172192');
INSERT INTO "TRAN_REQUEST" ("TRAN_REQ_ID", "TRAN_REQ_DATE", "TRAN_REQ_INITIATOR", "TRAN_REQ_INITIATOR_DEVICE", "TRAN_REQ_TYPE", "TRAN_REQ_LOCATION", "TRAN_REQ_CUSTOMER", "TRAN_REQ_AMOUNT", "TRAN_REQ_RESP_CODE", "TRAN_REQ_RESP_MSG", "TRAN_REQ_RESP_DATE", "TRAN_REQ_JOINER") VALUES ('42', TO_DATE('2014-06-12 11:42:30', 'YYYY-MM-DD HH24:MI:SS'), '1', '90c0da760244dda3', 'DEPOSIT', '0', '9999999999', '100', '00', 'DEPOSIT OF NGN100.0 COMPLETE', TO_DATE('2014-06-12 11:42:30', 'YYYY-MM-DD HH24:MI:SS'), '53919b10be4e6');
INSERT INTO "TRAN_REQUEST" ("TRAN_REQ_ID", "TRAN_REQ_DATE", "TRAN_REQ_INITIATOR", "TRAN_REQ_INITIATOR_DEVICE", "TRAN_REQ_TYPE", "TRAN_REQ_LOCATION", "TRAN_REQ_CUSTOMER", "TRAN_REQ_AMOUNT", "TRAN_REQ_RESP_CODE", "TRAN_REQ_RESP_MSG", "TRAN_REQ_RESP_DATE", "TRAN_REQ_JOINER") VALUES ('43', TO_DATE('2014-06-13 12:50:52', 'YYYY-MM-DD HH24:MI:SS'), '3', '90c0da760244dda3', 'WITHDRAWAL', '0', '0000014590', '200', '00', 'COMPLETE', TO_DATE('2014-06-13 12:50:52', 'YYYY-MM-DD HH24:MI:SS'), '5391b9b172192');
INSERT INTO "TRAN_REQUEST" ("TRAN_REQ_ID", "TRAN_REQ_DATE", "TRAN_REQ_INITIATOR", "TRAN_REQ_INITIATOR_DEVICE", "TRAN_REQ_TYPE", "TRAN_REQ_LOCATION", "TRAN_REQ_CUSTOMER", "TRAN_REQ_AMOUNT", "TRAN_REQ_RESP_CODE", "TRAN_REQ_RESP_MSG", "TRAN_REQ_RESP_DATE", "TRAN_REQ_JOINER") VALUES ('1', TO_DATE('2014-06-12 11:42:30', 'YYYY-MM-DD HH24:MI:SS'), '1', '90c0da760244dda3', 'DEPOSIT', '0', '9999999999', '100', '00', 'DEPOSIT OF NGN100.0 COMPLETE', TO_DATE('2014-06-12 11:42:30', 'YYYY-MM-DD HH24:MI:SS'), '53919b10be4e6');
INSERT INTO "TRAN_REQUEST" ("TRAN_REQ_ID", "TRAN_REQ_DATE", "TRAN_REQ_INITIATOR", "TRAN_REQ_INITIATOR_DEVICE", "TRAN_REQ_TYPE", "TRAN_REQ_LOCATION", "TRAN_REQ_CUSTOMER", "TRAN_REQ_AMOUNT", "TRAN_REQ_RESP_CODE", "TRAN_REQ_RESP_MSG", "TRAN_REQ_RESP_DATE", "TRAN_REQ_JOINER") VALUES ('2', TO_DATE('2014-06-06 14:53:05', 'YYYY-MM-DD HH24:MI:SS'), '3', '90c0da760244dda3', 'DEPOSIT', '0', '9999999999', '100', '00', 'DEPOSIT OF NGN100.0 COMPLETE', TO_DATE('2014-06-06 13:53:08', 'YYYY-MM-DD HH24:MI:SS'), '5391b9b172192');
INSERT INTO "TRAN_REQUEST" ("TRAN_REQ_ID", "TRAN_REQ_DATE", "TRAN_REQ_INITIATOR", "TRAN_REQ_INITIATOR_DEVICE", "TRAN_REQ_TYPE", "TRAN_REQ_LOCATION", "TRAN_REQ_CUSTOMER", "TRAN_REQ_AMOUNT", "TRAN_REQ_RESP_CODE", "TRAN_REQ_RESP_MSG", "TRAN_REQ_RESP_DATE", "TRAN_REQ_JOINER") VALUES ('33', TO_DATE('2014-06-13 14:55:58', 'YYYY-MM-DD HH24:MI:SS'), '1', '90c0da760244dda3', 'DEPOSIT', '0', '9999999999', '100', '00', 'DEPOSIT OF NGN100.0 COMPLETE', TO_DATE('2014-06-13 13:56:02', 'YYYY-MM-DD HH24:MI:SS'), '539af4dec47a2');
INSERT INTO "TRAN_REQUEST" ("TRAN_REQ_ID", "TRAN_REQ_DATE", "TRAN_REQ_INITIATOR", "TRAN_REQ_INITIATOR_DEVICE", "TRAN_REQ_TYPE", "TRAN_REQ_LOCATION", "TRAN_REQ_CUSTOMER", "TRAN_REQ_AMOUNT", "TRAN_REQ_RESP_CODE", "TRAN_REQ_RESP_MSG", "TRAN_REQ_RESP_DATE", "TRAN_REQ_JOINER") VALUES ('34', TO_DATE('2014-06-13 14:57:10', 'YYYY-MM-DD HH24:MI:SS'), '1', '90c0da760244dda3', 'WITHDRAWAL', '0', '9999999999', '100', '00', 'WITHDRAWAL OF NGN100.0 COMPLETE', TO_DATE('2014-06-13 13:57:12', 'YYYY-MM-DD HH24:MI:SS'), '539af52698ad8');
INSERT INTO "TRAN_REQUEST" ("TRAN_REQ_ID", "TRAN_REQ_DATE", "TRAN_REQ_INITIATOR", "TRAN_REQ_INITIATOR_DEVICE", "TRAN_REQ_TYPE", "TRAN_REQ_LOCATION", "TRAN_REQ_CUSTOMER", "TRAN_REQ_AMOUNT", "TRAN_REQ_RESP_CODE", "TRAN_REQ_RESP_MSG", "TRAN_REQ_RESP_DATE", "TRAN_REQ_JOINER") VALUES ('35', TO_DATE('2014-06-13 14:59:11', 'YYYY-MM-DD HH24:MI:SS'), '1', '90c0da760244dda3', 'WITHDRAWAL', '0', '9999999999', '100', '00', 'WITHDRAWAL OF NGN100.0 COMPLETE', TO_DATE('2014-06-13 13:59:13', 'YYYY-MM-DD HH24:MI:SS'), '539af59f29524');
INSERT INTO "TRAN_REQUEST" ("TRAN_REQ_ID", "TRAN_REQ_DATE", "TRAN_REQ_INITIATOR", "TRAN_REQ_INITIATOR_DEVICE", "TRAN_REQ_TYPE", "TRAN_REQ_LOCATION", "TRAN_REQ_CUSTOMER", "TRAN_REQ_AMOUNT", "TRAN_REQ_RESP_CODE", "TRAN_REQ_RESP_MSG", "TRAN_REQ_RESP_DATE", "TRAN_REQ_JOINER") VALUES ('36', TO_DATE('2014-06-13 15:01:28', 'YYYY-MM-DD HH24:MI:SS'), '1', '90c0da760244dda3', 'WITHDRAWAL', '0', '9999999999', '100', '00', 'WITHDRAWAL OF NGN100.0 COMPLETE', TO_DATE('2014-06-13 14:01:30', 'YYYY-MM-DD HH24:MI:SS'), '539af62875679');
INSERT INTO "TRAN_REQUEST" ("TRAN_REQ_ID", "TRAN_REQ_DATE", "TRAN_REQ_INITIATOR", "TRAN_REQ_INITIATOR_DEVICE", "TRAN_REQ_TYPE", "TRAN_REQ_LOCATION", "TRAN_REQ_CUSTOMER", "TRAN_REQ_AMOUNT", "TRAN_REQ_RESP_CODE", "TRAN_REQ_RESP_MSG", "TRAN_REQ_RESP_DATE", "TRAN_REQ_JOINER") VALUES ('37', TO_DATE('2014-06-13 15:04:40', 'YYYY-MM-DD HH24:MI:SS'), '1', '90c0da760244dda3', 'DEPOSIT', '0', '0000014580', '100', '00', 'DEPOSIT OF NGN100.0 COMPLETE', TO_DATE('2014-06-13 14:04:42', 'YYYY-MM-DD HH24:MI:SS'), '539af6e895cff');
INSERT INTO "TRAN_REQUEST" ("TRAN_REQ_ID", "TRAN_REQ_DATE", "TRAN_REQ_INITIATOR", "TRAN_REQ_INITIATOR_DEVICE", "TRAN_REQ_TYPE", "TRAN_REQ_LOCATION", "TRAN_REQ_CUSTOMER", "TRAN_REQ_AMOUNT", "TRAN_REQ_RESP_CODE", "TRAN_REQ_RESP_MSG", "TRAN_REQ_RESP_DATE", "TRAN_REQ_JOINER") VALUES ('109', TO_DATE('2014-06-20 09:09:54', 'YYYY-MM-DD HH24:MI:SS'), '1', '90c0da760244dda3', 'DEPOSIT', '0', '9999999999', '100', '96', 'Service Unavailable', TO_DATE('2014-06-20 08:09:54', 'YYYY-MM-DD HH24:MI:SS'), '53a3de4276d80');
INSERT INTO "TRAN_REQUEST" ("TRAN_REQ_ID", "TRAN_REQ_DATE", "TRAN_REQ_INITIATOR", "TRAN_REQ_INITIATOR_DEVICE", "TRAN_REQ_TYPE", "TRAN_REQ_LOCATION", "TRAN_REQ_CUSTOMER", "TRAN_REQ_AMOUNT", "TRAN_REQ_RESP_CODE", "TRAN_REQ_RESP_MSG", "TRAN_REQ_RESP_DATE", "TRAN_REQ_JOINER") VALUES ('110', TO_DATE('2014-06-20 09:15:55', 'YYYY-MM-DD HH24:MI:SS'), '1', '90c0da760244dda3', 'DEPOSIT', '0', '9999999999', '100', '00', 'DEPOSIT OF NGN100.0 COMPLETE', TO_DATE('2014-06-20 08:16:01', 'YYYY-MM-DD HH24:MI:SS'), '53a3dfabf1bdc');
INSERT INTO "TRAN_REQUEST" ("TRAN_REQ_ID", "TRAN_REQ_DATE", "TRAN_REQ_INITIATOR", "TRAN_REQ_INITIATOR_DEVICE", "TRAN_REQ_TYPE", "TRAN_REQ_LOCATION", "TRAN_REQ_CUSTOMER", "TRAN_REQ_AMOUNT", "TRAN_REQ_RESP_CODE", "TRAN_REQ_RESP_MSG", "TRAN_REQ_RESP_DATE", "TRAN_REQ_JOINER") VALUES ('61', TO_DATE('2014-06-16 13:43:22', 'YYYY-MM-DD HH24:MI:SS'), '1', '90c0da760244dda3', 'DEPOSIT', '0', '9999999999', '100', '00', 'DEPOSIT OF NGN100.0 COMPLETE', TO_DATE('2014-06-16 12:43:24', 'YYYY-MM-DD HH24:MI:SS'), '539ed85ac7f08');
INSERT INTO "TRAN_REQUEST" ("TRAN_REQ_ID", "TRAN_REQ_DATE", "TRAN_REQ_INITIATOR", "TRAN_REQ_INITIATOR_DEVICE", "TRAN_REQ_TYPE", "TRAN_REQ_LOCATION", "TRAN_REQ_CUSTOMER", "TRAN_REQ_AMOUNT", "TRAN_REQ_RESP_CODE", "TRAN_REQ_RESP_MSG", "TRAN_REQ_RESP_DATE", "TRAN_REQ_JOINER") VALUES ('81', TO_DATE('2014-06-18 10:39:42', 'YYYY-MM-DD HH24:MI:SS'), '1', null, null, '0', '9999999999', '100', 'E', 'E', TO_DATE('2014-06-18 09:39:45', 'YYYY-MM-DD HH24:MI:SS'), '53a1504e6d96b');
INSERT INTO "TRAN_REQUEST" ("TRAN_REQ_ID", "TRAN_REQ_DATE", "TRAN_REQ_INITIATOR", "TRAN_REQ_INITIATOR_DEVICE", "TRAN_REQ_TYPE", "TRAN_REQ_LOCATION", "TRAN_REQ_CUSTOMER", "TRAN_REQ_AMOUNT", "TRAN_REQ_RESP_CODE", "TRAN_REQ_RESP_MSG", "TRAN_REQ_RESP_DATE", "TRAN_REQ_JOINER") VALUES ('82', TO_DATE('2014-06-18 10:50:39', 'YYYY-MM-DD HH24:MI:SS'), '1', '90c0da760244dda3', 'DEPOSIT', '0', '9999999999', '100', '00', 'DEPOSIT OF NGN100.0 COMPLETE', TO_DATE('2014-06-18 09:50:42', 'YYYY-MM-DD HH24:MI:SS'), '53a152dfdcfd5');
INSERT INTO "TRAN_REQUEST" ("TRAN_REQ_ID", "TRAN_REQ_DATE", "TRAN_REQ_INITIATOR", "TRAN_REQ_INITIATOR_DEVICE", "TRAN_REQ_TYPE", "TRAN_REQ_LOCATION", "TRAN_REQ_CUSTOMER", "TRAN_REQ_AMOUNT", "TRAN_REQ_RESP_CODE", "TRAN_REQ_RESP_MSG", "TRAN_REQ_RESP_DATE", "TRAN_REQ_JOINER") VALUES ('83', TO_DATE('2014-06-18 11:02:33', 'YYYY-MM-DD HH24:MI:SS'), '1', '90c0da760244dda3', 'WITHDRAWAL', '0', '9999999999', '1000', '00', 'WITHDRAWAL OF NGN1000.0 COMPLETE', TO_DATE('2014-06-18 10:02:35', 'YYYY-MM-DD HH24:MI:SS'), '53a155a9bf63f');
INSERT INTO "TRAN_REQUEST" ("TRAN_REQ_ID", "TRAN_REQ_DATE", "TRAN_REQ_INITIATOR", "TRAN_REQ_INITIATOR_DEVICE", "TRAN_REQ_TYPE", "TRAN_REQ_LOCATION", "TRAN_REQ_CUSTOMER", "TRAN_REQ_AMOUNT", "TRAN_REQ_RESP_CODE", "TRAN_REQ_RESP_MSG", "TRAN_REQ_RESP_DATE", "TRAN_REQ_JOINER") VALUES ('101', TO_DATE('2014-06-19 17:16:19', 'YYYY-MM-DD HH24:MI:SS'), '1', '90c0da760244dda3', 'DEPOSIT', '0', '9999999999', '100', 'E', 'E', TO_DATE('2014-06-19 16:16:19', 'YYYY-MM-DD HH24:MI:SS'), '53a2fec342b60');
INSERT INTO "TRAN_REQUEST" ("TRAN_REQ_ID", "TRAN_REQ_DATE", "TRAN_REQ_INITIATOR", "TRAN_REQ_INITIATOR_DEVICE", "TRAN_REQ_TYPE", "TRAN_REQ_LOCATION", "TRAN_REQ_CUSTOMER", "TRAN_REQ_AMOUNT", "TRAN_REQ_RESP_CODE", "TRAN_REQ_RESP_MSG", "TRAN_REQ_RESP_DATE", "TRAN_REQ_JOINER") VALUES ('102', TO_DATE('2014-06-19 17:17:03', 'YYYY-MM-DD HH24:MI:SS'), '1', '90c0da760244dda3', 'DEPOSIT', '0', '9999999999', '100', 'E', 'E', TO_DATE('2014-06-19 16:17:03', 'YYYY-MM-DD HH24:MI:SS'), '53a2feef14e69');
INSERT INTO "TRAN_REQUEST" ("TRAN_REQ_ID", "TRAN_REQ_DATE", "TRAN_REQ_INITIATOR", "TRAN_REQ_INITIATOR_DEVICE", "TRAN_REQ_TYPE", "TRAN_REQ_LOCATION", "TRAN_REQ_CUSTOMER", "TRAN_REQ_AMOUNT", "TRAN_REQ_RESP_CODE", "TRAN_REQ_RESP_MSG", "TRAN_REQ_RESP_DATE", "TRAN_REQ_JOINER") VALUES ('103', TO_DATE('2014-06-19 17:18:49', 'YYYY-MM-DD HH24:MI:SS'), '1', '90c0da760244dda3', 'DEPOSIT', '0', '9999999999', '100', '{', '{', TO_DATE('2014-06-19 16:18:49', 'YYYY-MM-DD HH24:MI:SS'), '53a2ff591f4a4');
INSERT INTO "TRAN_REQUEST" ("TRAN_REQ_ID", "TRAN_REQ_DATE", "TRAN_REQ_INITIATOR", "TRAN_REQ_INITIATOR_DEVICE", "TRAN_REQ_TYPE", "TRAN_REQ_LOCATION", "TRAN_REQ_CUSTOMER", "TRAN_REQ_AMOUNT", "TRAN_REQ_RESP_CODE", "TRAN_REQ_RESP_MSG", "TRAN_REQ_RESP_DATE", "TRAN_REQ_JOINER") VALUES ('104', TO_DATE('2014-06-19 17:19:55', 'YYYY-MM-DD HH24:MI:SS'), '1', '90c0da760244dda3', 'DEPOSIT', '0', '9999999999', '100', '{', '{', TO_DATE('2014-06-19 16:19:55', 'YYYY-MM-DD HH24:MI:SS'), '53a2ff9be6de9');
INSERT INTO "TRAN_REQUEST" ("TRAN_REQ_ID", "TRAN_REQ_DATE", "TRAN_REQ_INITIATOR", "TRAN_REQ_INITIATOR_DEVICE", "TRAN_REQ_TYPE", "TRAN_REQ_LOCATION", "TRAN_REQ_CUSTOMER", "TRAN_REQ_AMOUNT", "TRAN_REQ_RESP_CODE", "TRAN_REQ_RESP_MSG", "TRAN_REQ_RESP_DATE", "TRAN_REQ_JOINER") VALUES ('105', TO_DATE('2014-06-19 17:21:12', 'YYYY-MM-DD HH24:MI:SS'), '1', '90c0da760244dda3', 'DEPOSIT', '0', '9999999999', '100', '{', '{', TO_DATE('2014-06-19 16:21:12', 'YYYY-MM-DD HH24:MI:SS'), '53a2ffe8856e9');
INSERT INTO "TRAN_REQUEST" ("TRAN_REQ_ID", "TRAN_REQ_DATE", "TRAN_REQ_INITIATOR", "TRAN_REQ_INITIATOR_DEVICE", "TRAN_REQ_TYPE", "TRAN_REQ_LOCATION", "TRAN_REQ_CUSTOMER", "TRAN_REQ_AMOUNT", "TRAN_REQ_RESP_CODE", "TRAN_REQ_RESP_MSG", "TRAN_REQ_RESP_DATE", "TRAN_REQ_JOINER") VALUES ('106', TO_DATE('2014-06-19 17:27:52', 'YYYY-MM-DD HH24:MI:SS'), '1', '90c0da760244dda3', 'DEPOSIT', '0', '9999999999', '100', '96', null, TO_DATE('2014-06-19 16:27:52', 'YYYY-MM-DD HH24:MI:SS'), '53a30178a1b53');
INSERT INTO "TRAN_REQUEST" ("TRAN_REQ_ID", "TRAN_REQ_DATE", "TRAN_REQ_INITIATOR", "TRAN_REQ_INITIATOR_DEVICE", "TRAN_REQ_TYPE", "TRAN_REQ_LOCATION", "TRAN_REQ_CUSTOMER", "TRAN_REQ_AMOUNT", "TRAN_REQ_RESP_CODE", "TRAN_REQ_RESP_MSG", "TRAN_REQ_RESP_DATE", "TRAN_REQ_JOINER") VALUES ('107', TO_DATE('2014-06-19 17:29:34', 'YYYY-MM-DD HH24:MI:SS'), '1', '90c0da760244dda3', 'DEPOSIT', '0', '9999999999', '100', '96', null, TO_DATE('2014-06-19 16:29:34', 'YYYY-MM-DD HH24:MI:SS'), '53a301de1fe3b');
INSERT INTO "TRAN_REQUEST" ("TRAN_REQ_ID", "TRAN_REQ_DATE", "TRAN_REQ_INITIATOR", "TRAN_REQ_INITIATOR_DEVICE", "TRAN_REQ_TYPE", "TRAN_REQ_LOCATION", "TRAN_REQ_CUSTOMER", "TRAN_REQ_AMOUNT", "TRAN_REQ_RESP_CODE", "TRAN_REQ_RESP_MSG", "TRAN_REQ_RESP_DATE", "TRAN_REQ_JOINER") VALUES ('108', TO_DATE('2014-06-19 17:33:06', 'YYYY-MM-DD HH24:MI:SS'), '3', '90c0da760244dda3', 'DEPOSIT', '0', '9999999999', '100', '96', 'Service Unavailable', TO_DATE('2014-06-19 16:33:06', 'YYYY-MM-DD HH24:MI:SS'), '53a302b27a4ce');



INSERT INTO "USER_ACCOUNTS" ("UACC_ID", "UACC_GROUP_FK", "UACC_EMAIL", "UACC_USERNAME", "UACC_PASSWORD", "UACC_IP_ADDRESS", "UACC_SALT", "UACC_ACTIVATION_TOKEN", "UACC_FORGOTTEN_PASSWORD_TOKEN", "UACC_FORGOTTEN_PASSWORD_EXPIRE", "UACC_UPDATE_EMAIL_TOKEN", "UACC_UPDATE_EMAIL", "UACC_ACTIVE", "UACC_SUSPEND", "UACC_FAIL_LOGIN_ATTEMPTS", "UACC_FAIL_LOGIN_IP_ADDRESS", "UACC_DATE_FAIL_LOGIN_BAN", "UACC_DATE_LAST_LOGIN", "UACC_DATE_ADDED") VALUES ('41', '1', 'bami01@bami01.com', 'david', '$2a$08$howwuCZF773NVRAgGJrh0O2lr7GIxqBlaeviGHxIJTAAfJ8z5fUqi', 'fe80::9872:df78:193b:7261', '43DFsNQSFm', null, null, null, null, null, '1', '0', '0', null, null, TO_DATE('2014-06-05 12:36:37', 'YYYY-MM-DD HH24:MI:SS'), TO_DATE('2014-06-03 16:10:40', 'YYYY-MM-DD HH24:MI:SS'));
INSERT INTO "USER_ACCOUNTS" ("UACC_ID", "UACC_GROUP_FK", "UACC_EMAIL", "UACC_USERNAME", "UACC_PASSWORD", "UACC_IP_ADDRESS", "UACC_SALT", "UACC_ACTIVATION_TOKEN", "UACC_FORGOTTEN_PASSWORD_TOKEN", "UACC_FORGOTTEN_PASSWORD_EXPIRE", "UACC_UPDATE_EMAIL_TOKEN", "UACC_UPDATE_EMAIL", "UACC_ACTIVE", "UACC_SUSPEND", "UACC_FAIL_LOGIN_ATTEMPTS", "UACC_FAIL_LOGIN_IP_ADDRESS", "UACC_DATE_FAIL_LOGIN_BAN", "UACC_DATE_LAST_LOGIN", "UACC_DATE_ADDED") VALUES ('10', '1', 'adewaleafolabi@gmajil.com', 'devwale0', '$2a$08$fwCfdrwQ/UFXO5yac2GiQ.mA6uj6RgdEvsbuMgEaOMQIZTvBFnmGi', '::1', 'D8RYXtKdrG', null, null, null, null, null, '0', '0', '0', null, null, TO_DATE('2014-06-01 12:44:37', 'YYYY-MM-DD HH24:MI:SS'), TO_DATE('2014-06-01 12:44:37', 'YYYY-MM-DD HH24:MI:SS'));
INSERT INTO "USER_ACCOUNTS" ("UACC_ID", "UACC_GROUP_FK", "UACC_EMAIL", "UACC_USERNAME", "UACC_PASSWORD", "UACC_IP_ADDRESS", "UACC_SALT", "UACC_ACTIVATION_TOKEN", "UACC_FORGOTTEN_PASSWORD_TOKEN", "UACC_FORGOTTEN_PASSWORD_EXPIRE", "UACC_UPDATE_EMAIL_TOKEN", "UACC_UPDATE_EMAIL", "UACC_ACTIVE", "UACC_SUSPEND", "UACC_FAIL_LOGIN_ATTEMPTS", "UACC_FAIL_LOGIN_IP_ADDRESS", "UACC_DATE_FAIL_LOGIN_BAN", "UACC_DATE_LAST_LOGIN", "UACC_DATE_ADDED") VALUES ('9', '1', 'a.d.ew.aleaf.olabi@gmail.com', 'devwale', '$2a$08$VRu3MVvPKcDFvzWRPu0wRubtUj4ku4tC8MhZqoInebInoEmUnfvZi', '::1', 'NTBscBMMdD', null, null, null, null, null, '1', '0', '0', null, null, TO_DATE('2014-06-01 12:25:39', 'YYYY-MM-DD HH24:MI:SS'), TO_DATE('2014-06-01 12:25:39', 'YYYY-MM-DD HH24:MI:SS'));
INSERT INTO "USER_ACCOUNTS" ("UACC_ID", "UACC_GROUP_FK", "UACC_EMAIL", "UACC_USERNAME", "UACC_PASSWORD", "UACC_IP_ADDRESS", "UACC_SALT", "UACC_ACTIVATION_TOKEN", "UACC_FORGOTTEN_PASSWORD_TOKEN", "UACC_FORGOTTEN_PASSWORD_EXPIRE", "UACC_UPDATE_EMAIL_TOKEN", "UACC_UPDATE_EMAIL", "UACC_ACTIVE", "UACC_SUSPEND", "UACC_FAIL_LOGIN_ATTEMPTS", "UACC_FAIL_LOGIN_IP_ADDRESS", "UACC_DATE_FAIL_LOGIN_BAN", "UACC_DATE_LAST_LOGIN", "UACC_DATE_ADDED") VALUES ('30', '1', 'st.mich@mich.com', 'st.mich', '$2a$08$xNmxvpT6HzPZXj9si8Gc9uo4usSceTgt2orS1Nl.BbBbXfl2/BWYe', 'fe80::9872:df78:193b:7261', 'gHCv4JRSdS', null, null, null, null, null, '1', '0', '1', '::1', null, TO_DATE('2014-06-04 10:40:58', 'YYYY-MM-DD HH24:MI:SS'), TO_DATE('2014-06-02 11:28:41', 'YYYY-MM-DD HH24:MI:SS'));
INSERT INTO "USER_ACCOUNTS" ("UACC_ID", "UACC_GROUP_FK", "UACC_EMAIL", "UACC_USERNAME", "UACC_PASSWORD", "UACC_IP_ADDRESS", "UACC_SALT", "UACC_ACTIVATION_TOKEN", "UACC_FORGOTTEN_PASSWORD_TOKEN", "UACC_FORGOTTEN_PASSWORD_EXPIRE", "UACC_UPDATE_EMAIL_TOKEN", "UACC_UPDATE_EMAIL", "UACC_ACTIVE", "UACC_SUSPEND", "UACC_FAIL_LOGIN_ATTEMPTS", "UACC_FAIL_LOGIN_IP_ADDRESS", "UACC_DATE_FAIL_LOGIN_BAN", "UACC_DATE_LAST_LOGIN", "UACC_DATE_ADDED") VALUES ('29', '1', 'zere@octo.com', 'zereH', '$2a$08$JN5xVAmyqJqwfiIEjDM7QOdeE1j1xpC0lOk5OC85wErTDTzJD/cSq', 'fe80::9872:df78:193b:7261', 'kns9qVJmGP', null, null, null, null, null, '1', '0', '0', null, null, TO_DATE('2014-06-05 11:47:54', 'YYYY-MM-DD HH24:MI:SS'), TO_DATE('2014-06-01 22:19:06', 'YYYY-MM-DD HH24:MI:SS'));
INSERT INTO "USER_ACCOUNTS" ("UACC_ID", "UACC_GROUP_FK", "UACC_EMAIL", "UACC_USERNAME", "UACC_PASSWORD", "UACC_IP_ADDRESS", "UACC_SALT", "UACC_ACTIVATION_TOKEN", "UACC_FORGOTTEN_PASSWORD_TOKEN", "UACC_FORGOTTEN_PASSWORD_EXPIRE", "UACC_UPDATE_EMAIL_TOKEN", "UACC_UPDATE_EMAIL", "UACC_ACTIVE", "UACC_SUSPEND", "UACC_FAIL_LOGIN_ATTEMPTS", "UACC_FAIL_LOGIN_IP_ADDRESS", "UACC_DATE_FAIL_LOGIN_BAN", "UACC_DATE_LAST_LOGIN", "UACC_DATE_ADDED") VALUES ('42', '1', 'gabby2k@yahoo.com', 'babaric', '$2a$08$ojx8tIDkcz8pOY1aKv4cG.sweZIypv8AwNwangGbyAb5flG3KuX/C', 'fe80::9872:df78:193b:7261', 'h2f8GZ8dW2', null, null, null, null, null, '1', '0', '0', null, null, TO_DATE('2014-06-04 09:22:09', 'YYYY-MM-DD HH24:MI:SS'), TO_DATE('2014-06-04 09:22:09', 'YYYY-MM-DD HH24:MI:SS'));
INSERT INTO "USER_ACCOUNTS" ("UACC_ID", "UACC_GROUP_FK", "UACC_EMAIL", "UACC_USERNAME", "UACC_PASSWORD", "UACC_IP_ADDRESS", "UACC_SALT", "UACC_ACTIVATION_TOKEN", "UACC_FORGOTTEN_PASSWORD_TOKEN", "UACC_FORGOTTEN_PASSWORD_EXPIRE", "UACC_UPDATE_EMAIL_TOKEN", "UACC_UPDATE_EMAIL", "UACC_ACTIVE", "UACC_SUSPEND", "UACC_FAIL_LOGIN_ATTEMPTS", "UACC_FAIL_LOGIN_IP_ADDRESS", "UACC_DATE_FAIL_LOGIN_BAN", "UACC_DATE_LAST_LOGIN", "UACC_DATE_ADDED") VALUES ('1', '3', 'adewaleafolabi@gmail.com', 'admin', '$2a$08$lSOQGNqwBFUEDTxm2Y.hb.mfPEAt/iiGY9kJsZsd4ekLJXLD.tCrq', '127.0.0.1', 'XKVT29q2Jr', null, ' ', null, ' ', ' ', '1', '0', '0', null, TO_DATE('2014-06-20 13:23:02', 'YYYY-MM-DD HH24:MI:SS'), TO_DATE('2014-06-26 16:55:33', 'YYYY-MM-DD HH24:MI:SS'), TO_DATE('2011-01-01 00:00:00', 'YYYY-MM-DD HH24:MI:SS'));
INSERT INTO "USER_ACCOUNTS" ("UACC_ID", "UACC_GROUP_FK", "UACC_EMAIL", "UACC_USERNAME", "UACC_PASSWORD", "UACC_IP_ADDRESS", "UACC_SALT", "UACC_ACTIVATION_TOKEN", "UACC_FORGOTTEN_PASSWORD_TOKEN", "UACC_FORGOTTEN_PASSWORD_EXPIRE", "UACC_UPDATE_EMAIL_TOKEN", "UACC_UPDATE_EMAIL", "UACC_ACTIVE", "UACC_SUSPEND", "UACC_FAIL_LOGIN_ATTEMPTS", "UACC_FAIL_LOGIN_IP_ADDRESS", "UACC_DATE_FAIL_LOGIN_BAN", "UACC_DATE_LAST_LOGIN", "UACC_DATE_ADDED") VALUES ('2', '2', 'moderator@moderator.com', 'moderator', '$2a$08$VPPUyLClHFZfqifwtjxv.eUQrc9DmpqIvhjwMlh9yw4brtCe3EUr2', '::1', 'ZC38NNBPjF', null, ' ', null, ' ', ' ', '1', '0', '0', '::1', null, TO_DATE('2014-06-19 17:48:11', 'YYYY-MM-DD HH24:MI:SS'), TO_DATE('2011-08-04 16:49:07', 'YYYY-MM-DD HH24:MI:SS'));
INSERT INTO "USER_ACCOUNTS" ("UACC_ID", "UACC_GROUP_FK", "UACC_EMAIL", "UACC_USERNAME", "UACC_PASSWORD", "UACC_IP_ADDRESS", "UACC_SALT", "UACC_ACTIVATION_TOKEN", "UACC_FORGOTTEN_PASSWORD_TOKEN", "UACC_FORGOTTEN_PASSWORD_EXPIRE", "UACC_UPDATE_EMAIL_TOKEN", "UACC_UPDATE_EMAIL", "UACC_ACTIVE", "UACC_SUSPEND", "UACC_FAIL_LOGIN_ATTEMPTS", "UACC_FAIL_LOGIN_IP_ADDRESS", "UACC_DATE_FAIL_LOGIN_BAN", "UACC_DATE_LAST_LOGIN", "UACC_DATE_ADDED") VALUES ('3', '1', 'public@public.com', 'public', '$2a$08$lSOQGNqwBFUEDTxm2Y.hb.mfPEAt/iiGY9kJsZsd4ekLJXLD.tCrq', '::1', 'XKVT29q2Jr', null, ' ', null, ' ', ' ', '1', '0', '0', ' ', null, TO_DATE('2014-06-20 14:09:14', 'YYYY-MM-DD HH24:MI:SS'), TO_DATE('2011-09-15 12:24:45', 'YYYY-MM-DD HH24:MI:SS'));
INSERT INTO "USER_ACCOUNTS" ("UACC_ID", "UACC_GROUP_FK", "UACC_EMAIL", "UACC_USERNAME", "UACC_PASSWORD", "UACC_IP_ADDRESS", "UACC_SALT", "UACC_ACTIVATION_TOKEN", "UACC_FORGOTTEN_PASSWORD_TOKEN", "UACC_FORGOTTEN_PASSWORD_EXPIRE", "UACC_UPDATE_EMAIL_TOKEN", "UACC_UPDATE_EMAIL", "UACC_ACTIVE", "UACC_SUSPEND", "UACC_FAIL_LOGIN_ATTEMPTS", "UACC_FAIL_LOGIN_IP_ADDRESS", "UACC_DATE_FAIL_LOGIN_BAN", "UACC_DATE_LAST_LOGIN", "UACC_DATE_ADDED") VALUES ('4', '1', 'a@a.com', 'sss', '$2a$08$LTjiwRpS9glPZvlw.SzSfO5RTLVBQoL0rxcFVrE6I6lRYGW9nFu9O', '::1', 'ZCMb8hbrzX', null, ' ', null, ' ', ' ', '1', '0', '0', ' ', null, TO_DATE('2014-03-13 12:28:22', 'YYYY-MM-DD HH24:MI:SS'), TO_DATE('2014-03-13 12:28:22', 'YYYY-MM-DD HH24:MI:SS'));
INSERT INTO "USER_ACCOUNTS" ("UACC_ID", "UACC_GROUP_FK", "UACC_EMAIL", "UACC_USERNAME", "UACC_PASSWORD", "UACC_IP_ADDRESS", "UACC_SALT", "UACC_ACTIVATION_TOKEN", "UACC_FORGOTTEN_PASSWORD_TOKEN", "UACC_FORGOTTEN_PASSWORD_EXPIRE", "UACC_UPDATE_EMAIL_TOKEN", "UACC_UPDATE_EMAIL", "UACC_ACTIVE", "UACC_SUSPEND", "UACC_FAIL_LOGIN_ATTEMPTS", "UACC_FAIL_LOGIN_IP_ADDRESS", "UACC_DATE_FAIL_LOGIN_BAN", "UACC_DATE_LAST_LOGIN", "UACC_DATE_ADDED") VALUES ('5', '2', 'octo@octo.com', 'papa', '$2a$08$OnAk8/Ki0Wy4JJPWo54RWuumhymfb8tkuMIDvezVVnCJpN1x1qEXK', '::1', 'xCT2q28GBf', null, ' ', null, ' ', ' ', '1', '0', '0', ' ', null, TO_DATE('2014-03-13 12:59:47', 'YYYY-MM-DD HH24:MI:SS'), TO_DATE('2014-03-13 12:59:47', 'YYYY-MM-DD HH24:MI:SS'));
INSERT INTO "USER_ACCOUNTS" ("UACC_ID", "UACC_GROUP_FK", "UACC_EMAIL", "UACC_USERNAME", "UACC_PASSWORD", "UACC_IP_ADDRESS", "UACC_SALT", "UACC_ACTIVATION_TOKEN", "UACC_FORGOTTEN_PASSWORD_TOKEN", "UACC_FORGOTTEN_PASSWORD_EXPIRE", "UACC_UPDATE_EMAIL_TOKEN", "UACC_UPDATE_EMAIL", "UACC_ACTIVE", "UACC_SUSPEND", "UACC_FAIL_LOGIN_ATTEMPTS", "UACC_FAIL_LOGIN_IP_ADDRESS", "UACC_DATE_FAIL_LOGIN_BAN", "UACC_DATE_LAST_LOGIN", "UACC_DATE_ADDED") VALUES ('6', '1', 'madi@madi.com', 'maiv.es.kl', '$2a$08$2GPpJHVXCS7DlsWe1lmmV.6gnP3zoX.NUbeo9J0FTeuFqJE4wiRMy', 'fe80::6c64:9d57:d489:d6b7', 'XCzvSKmmXZ', null, ' ', null, ' ', ' ', '1', '0', '0', ' ', null, TO_DATE('2014-06-04 10:33:37', 'YYYY-MM-DD HH24:MI:SS'), TO_DATE('2014-03-13 21:03:43', 'YYYY-MM-DD HH24:MI:SS'));
INSERT INTO "USER_ACCOUNTS" ("UACC_ID", "UACC_GROUP_FK", "UACC_EMAIL", "UACC_USERNAME", "UACC_PASSWORD", "UACC_IP_ADDRESS", "UACC_SALT", "UACC_ACTIVATION_TOKEN", "UACC_FORGOTTEN_PASSWORD_TOKEN", "UACC_FORGOTTEN_PASSWORD_EXPIRE", "UACC_UPDATE_EMAIL_TOKEN", "UACC_UPDATE_EMAIL", "UACC_ACTIVE", "UACC_SUSPEND", "UACC_FAIL_LOGIN_ATTEMPTS", "UACC_FAIL_LOGIN_IP_ADDRESS", "UACC_DATE_FAIL_LOGIN_BAN", "UACC_DATE_LAST_LOGIN", "UACC_DATE_ADDED") VALUES ('7', '1', 'ade.ade@sj.lk', 'rahim.ikera', '$2a$08$/l9E9qCn.vIkV6rI.gwbEOtNYoYpgD7N8OxDFwulR4F5ExjPwp/XG', '::1', 'T6xnWhM4nf', null, ' ', null, ' ', ' ', '1', '0', '0', ' ', null, TO_DATE('2014-03-20 19:29:41', 'YYYY-MM-DD HH24:MI:SS'), TO_DATE('2014-03-20 19:29:41', 'YYYY-MM-DD HH24:MI:SS'));
INSERT INTO "USER_ACCOUNTS" ("UACC_ID", "UACC_GROUP_FK", "UACC_EMAIL", "UACC_USERNAME", "UACC_PASSWORD", "UACC_IP_ADDRESS", "UACC_SALT", "UACC_ACTIVATION_TOKEN", "UACC_FORGOTTEN_PASSWORD_TOKEN", "UACC_FORGOTTEN_PASSWORD_EXPIRE", "UACC_UPDATE_EMAIL_TOKEN", "UACC_UPDATE_EMAIL", "UACC_ACTIVE", "UACC_SUSPEND", "UACC_FAIL_LOGIN_ATTEMPTS", "UACC_FAIL_LOGIN_IP_ADDRESS", "UACC_DATE_FAIL_LOGIN_BAN", "UACC_DATE_LAST_LOGIN", "UACC_DATE_ADDED") VALUES ('61', '3', 'sample@email.tst', 'sqvxaxgf', '$2a$08$rkdJWAIoapQJey.hEaH72eyghuDnhlUpDeXeqUIuepkNo2HqpJtqm', '127.0.0.1', 'YtJwMjGDwG', null, null, null, null, null, '1', '0', '0', null, null, TO_DATE('2014-06-16 15:34:39', 'YYYY-MM-DD HH24:MI:SS'), TO_DATE('2014-06-16 15:34:39', 'YYYY-MM-DD HH24:MI:SS'));


INSERT INTO "USER_GROUPS" ("UGRP_ID", "UGRP_NAME", "UGRP_DESC", "UGRP_ADMIN") VALUES ('1', 'Public', 'Public User : has no admin access rights.', '0');
INSERT INTO "USER_GROUPS" ("UGRP_ID", "UGRP_NAME", "UGRP_DESC", "UGRP_ADMIN") VALUES ('2', 'Moderator', 'Admin Moderator : has partial admin access rights.', '1');
INSERT INTO "USER_GROUPS" ("UGRP_ID", "UGRP_NAME", "UGRP_DESC", "UGRP_ADMIN") VALUES ('3', 'Master Admin', 'Master Admin : has full admin access rights.', '1');


INSERT INTO "USER_LOGIN_SESSIONS" ("USESS_UACC_FK", "USESS_SERIES", "USESS_TOKEN", "USESS_LOGIN_DATE") VALUES ('3', null, 'f33d8239d17772e172842019dde2c9e0d6fbc192', TO_DATE('2014-06-20 09:28:12', 'YYYY-MM-DD HH24:MI:SS'));
INSERT INTO "USER_LOGIN_SESSIONS" ("USESS_UACC_FK", "USESS_SERIES", "USESS_TOKEN", "USESS_LOGIN_DATE") VALUES ('3', null, 'd9b194eaa872d798cc0bd743e5a864ab0c9bfbee', TO_DATE('2014-06-20 09:09:54', 'YYYY-MM-DD HH24:MI:SS'));
INSERT INTO "USER_LOGIN_SESSIONS" ("USESS_UACC_FK", "USESS_SERIES", "USESS_TOKEN", "USESS_LOGIN_DATE") VALUES ('3', null, 'dfaa8bb07abc3a43bf9222b0ef06a3a2f25e1377', TO_DATE('2014-06-20 14:09:15', 'YYYY-MM-DD HH24:MI:SS'));


INSERT INTO "USER_PRIVILEGE_GROUPS" ("UPRIV_GROUPS_ID", "UPRIV_GROUPS_UGRP_FK", "UPRIV_GROUPS_UPRIV_FK") VALUES ('1', '3', '1');
INSERT INTO "USER_PRIVILEGE_GROUPS" ("UPRIV_GROUPS_ID", "UPRIV_GROUPS_UGRP_FK", "UPRIV_GROUPS_UPRIV_FK") VALUES ('3', '3', '3');
INSERT INTO "USER_PRIVILEGE_GROUPS" ("UPRIV_GROUPS_ID", "UPRIV_GROUPS_UGRP_FK", "UPRIV_GROUPS_UPRIV_FK") VALUES ('4', '3', '4');
INSERT INTO "USER_PRIVILEGE_GROUPS" ("UPRIV_GROUPS_ID", "UPRIV_GROUPS_UGRP_FK", "UPRIV_GROUPS_UPRIV_FK") VALUES ('5', '3', '5');
INSERT INTO "USER_PRIVILEGE_GROUPS" ("UPRIV_GROUPS_ID", "UPRIV_GROUPS_UGRP_FK", "UPRIV_GROUPS_UPRIV_FK") VALUES ('6', '3', '6');
INSERT INTO "USER_PRIVILEGE_GROUPS" ("UPRIV_GROUPS_ID", "UPRIV_GROUPS_UGRP_FK", "UPRIV_GROUPS_UPRIV_FK") VALUES ('7', '3', '7');
INSERT INTO "USER_PRIVILEGE_GROUPS" ("UPRIV_GROUPS_ID", "UPRIV_GROUPS_UGRP_FK", "UPRIV_GROUPS_UPRIV_FK") VALUES ('8', '3', '8');
INSERT INTO "USER_PRIVILEGE_GROUPS" ("UPRIV_GROUPS_ID", "UPRIV_GROUPS_UGRP_FK", "UPRIV_GROUPS_UPRIV_FK") VALUES ('9', '3', '9');
INSERT INTO "USER_PRIVILEGE_GROUPS" ("UPRIV_GROUPS_ID", "UPRIV_GROUPS_UGRP_FK", "UPRIV_GROUPS_UPRIV_FK") VALUES ('10', '3', '10');
INSERT INTO "USER_PRIVILEGE_GROUPS" ("UPRIV_GROUPS_ID", "UPRIV_GROUPS_UGRP_FK", "UPRIV_GROUPS_UPRIV_FK") VALUES ('11', '3', '11');
INSERT INTO "USER_PRIVILEGE_GROUPS" ("UPRIV_GROUPS_ID", "UPRIV_GROUPS_UGRP_FK", "UPRIV_GROUPS_UPRIV_FK") VALUES ('12', '2', '2');
INSERT INTO "USER_PRIVILEGE_GROUPS" ("UPRIV_GROUPS_ID", "UPRIV_GROUPS_UGRP_FK", "UPRIV_GROUPS_UPRIV_FK") VALUES ('13', '2', '4');
INSERT INTO "USER_PRIVILEGE_GROUPS" ("UPRIV_GROUPS_ID", "UPRIV_GROUPS_UGRP_FK", "UPRIV_GROUPS_UPRIV_FK") VALUES ('14', '2', '5');
INSERT INTO "USER_PRIVILEGE_GROUPS" ("UPRIV_GROUPS_ID", "UPRIV_GROUPS_UGRP_FK", "UPRIV_GROUPS_UPRIV_FK") VALUES ('15', '3', '16');
INSERT INTO "USER_PRIVILEGE_GROUPS" ("UPRIV_GROUPS_ID", "UPRIV_GROUPS_UGRP_FK", "UPRIV_GROUPS_UPRIV_FK") VALUES ('16', '3', '17');
INSERT INTO "USER_PRIVILEGE_GROUPS" ("UPRIV_GROUPS_ID", "UPRIV_GROUPS_UGRP_FK", "UPRIV_GROUPS_UPRIV_FK") VALUES ('17', '3', '18');
INSERT INTO "USER_PRIVILEGE_GROUPS" ("UPRIV_GROUPS_ID", "UPRIV_GROUPS_UGRP_FK", "UPRIV_GROUPS_UPRIV_FK") VALUES ('18', '3', '19');
INSERT INTO "USER_PRIVILEGE_GROUPS" ("UPRIV_GROUPS_ID", "UPRIV_GROUPS_UGRP_FK", "UPRIV_GROUPS_UPRIV_FK") VALUES ('19', '3', '20');


INSERT INTO "USER_PRIVILEGE_USERS" ("UPRIV_USERS_ID", "UPRIV_USERS_UACC_FK", "UPRIV_USERS_UPRIV_FK") VALUES ('222', '3', '62');
INSERT INTO "USER_PRIVILEGE_USERS" ("UPRIV_USERS_ID", "UPRIV_USERS_UACC_FK", "UPRIV_USERS_UPRIV_FK") VALUES ('110', '3', '11');
INSERT INTO "USER_PRIVILEGE_USERS" ("UPRIV_USERS_ID", "UPRIV_USERS_UACC_FK", "UPRIV_USERS_UPRIV_FK") VALUES ('81', '2', '11');
INSERT INTO "USER_PRIVILEGE_USERS" ("UPRIV_USERS_ID", "UPRIV_USERS_UACC_FK", "UPRIV_USERS_UPRIV_FK") VALUES ('122', '6', '2');
INSERT INTO "USER_PRIVILEGE_USERS" ("UPRIV_USERS_ID", "UPRIV_USERS_UACC_FK", "UPRIV_USERS_UPRIV_FK") VALUES ('121', '6', '1');
INSERT INTO "USER_PRIVILEGE_USERS" ("UPRIV_USERS_ID", "UPRIV_USERS_UACC_FK", "UPRIV_USERS_UPRIV_FK") VALUES ('119', '6', '17');
INSERT INTO "USER_PRIVILEGE_USERS" ("UPRIV_USERS_ID", "UPRIV_USERS_UACC_FK", "UPRIV_USERS_UPRIV_FK") VALUES ('120', '6', '18');
INSERT INTO "USER_PRIVILEGE_USERS" ("UPRIV_USERS_ID", "UPRIV_USERS_UACC_FK", "UPRIV_USERS_UPRIV_FK") VALUES ('65', '2', '3');
INSERT INTO "USER_PRIVILEGE_USERS" ("UPRIV_USERS_ID", "UPRIV_USERS_UACC_FK", "UPRIV_USERS_UPRIV_FK") VALUES ('66', '2', '6');
INSERT INTO "USER_PRIVILEGE_USERS" ("UPRIV_USERS_ID", "UPRIV_USERS_UACC_FK", "UPRIV_USERS_UPRIV_FK") VALUES ('68', '2', '21');
INSERT INTO "USER_PRIVILEGE_USERS" ("UPRIV_USERS_ID", "UPRIV_USERS_UACC_FK", "UPRIV_USERS_UPRIV_FK") VALUES ('69', '2', '20');
INSERT INTO "USER_PRIVILEGE_USERS" ("UPRIV_USERS_ID", "UPRIV_USERS_UACC_FK", "UPRIV_USERS_UPRIV_FK") VALUES ('70', '2', '22');
INSERT INTO "USER_PRIVILEGE_USERS" ("UPRIV_USERS_ID", "UPRIV_USERS_UACC_FK", "UPRIV_USERS_UPRIV_FK") VALUES ('71', '2', '23');
INSERT INTO "USER_PRIVILEGE_USERS" ("UPRIV_USERS_ID", "UPRIV_USERS_UACC_FK", "UPRIV_USERS_UPRIV_FK") VALUES ('72', '2', '8');
INSERT INTO "USER_PRIVILEGE_USERS" ("UPRIV_USERS_ID", "UPRIV_USERS_UACC_FK", "UPRIV_USERS_UPRIV_FK") VALUES ('73', '2', '9');
INSERT INTO "USER_PRIVILEGE_USERS" ("UPRIV_USERS_ID", "UPRIV_USERS_UACC_FK", "UPRIV_USERS_UPRIV_FK") VALUES ('74', '2', '10');
INSERT INTO "USER_PRIVILEGE_USERS" ("UPRIV_USERS_ID", "UPRIV_USERS_UACC_FK", "UPRIV_USERS_UPRIV_FK") VALUES ('75', '2', '4');
INSERT INTO "USER_PRIVILEGE_USERS" ("UPRIV_USERS_ID", "UPRIV_USERS_UACC_FK", "UPRIV_USERS_UPRIV_FK") VALUES ('76', '2', '7');
INSERT INTO "USER_PRIVILEGE_USERS" ("UPRIV_USERS_ID", "UPRIV_USERS_UACC_FK", "UPRIV_USERS_UPRIV_FK") VALUES ('90', '2', '1');
INSERT INTO "USER_PRIVILEGE_USERS" ("UPRIV_USERS_ID", "UPRIV_USERS_UACC_FK", "UPRIV_USERS_UPRIV_FK") VALUES ('126', '42', '16');
INSERT INTO "USER_PRIVILEGE_USERS" ("UPRIV_USERS_ID", "UPRIV_USERS_UACC_FK", "UPRIV_USERS_UPRIV_FK") VALUES ('123', '7', '2');
INSERT INTO "USER_PRIVILEGE_USERS" ("UPRIV_USERS_ID", "UPRIV_USERS_UACC_FK", "UPRIV_USERS_UPRIV_FK") VALUES ('124', '7', '3');
INSERT INTO "USER_PRIVILEGE_USERS" ("UPRIV_USERS_ID", "UPRIV_USERS_UACC_FK", "UPRIV_USERS_UPRIV_FK") VALUES ('125', '42', '7');
INSERT INTO "USER_PRIVILEGE_USERS" ("UPRIV_USERS_ID", "UPRIV_USERS_UACC_FK", "UPRIV_USERS_UPRIV_FK") VALUES ('127', '42', '17');
INSERT INTO "USER_PRIVILEGE_USERS" ("UPRIV_USERS_ID", "UPRIV_USERS_UACC_FK", "UPRIV_USERS_UPRIV_FK") VALUES ('128', '29', '4');
INSERT INTO "USER_PRIVILEGE_USERS" ("UPRIV_USERS_ID", "UPRIV_USERS_UACC_FK", "UPRIV_USERS_UPRIV_FK") VALUES ('129', '29', '14');
INSERT INTO "USER_PRIVILEGE_USERS" ("UPRIV_USERS_ID", "UPRIV_USERS_UACC_FK", "UPRIV_USERS_UPRIV_FK") VALUES ('130', '29', '16');
INSERT INTO "USER_PRIVILEGE_USERS" ("UPRIV_USERS_ID", "UPRIV_USERS_UACC_FK", "UPRIV_USERS_UPRIV_FK") VALUES ('131', '10', '1');
INSERT INTO "USER_PRIVILEGE_USERS" ("UPRIV_USERS_ID", "UPRIV_USERS_UACC_FK", "UPRIV_USERS_UPRIV_FK") VALUES ('132', '10', '21');
INSERT INTO "USER_PRIVILEGE_USERS" ("UPRIV_USERS_ID", "UPRIV_USERS_UACC_FK", "UPRIV_USERS_UPRIV_FK") VALUES ('133', '10', '22');
INSERT INTO "USER_PRIVILEGE_USERS" ("UPRIV_USERS_ID", "UPRIV_USERS_UACC_FK", "UPRIV_USERS_UPRIV_FK") VALUES ('141', '30', '13');
INSERT INTO "USER_PRIVILEGE_USERS" ("UPRIV_USERS_ID", "UPRIV_USERS_UACC_FK", "UPRIV_USERS_UPRIV_FK") VALUES ('135', '3', '13');
INSERT INTO "USER_PRIVILEGE_USERS" ("UPRIV_USERS_ID", "UPRIV_USERS_UACC_FK", "UPRIV_USERS_UPRIV_FK") VALUES ('136', '3', '14');
INSERT INTO "USER_PRIVILEGE_USERS" ("UPRIV_USERS_ID", "UPRIV_USERS_UACC_FK", "UPRIV_USERS_UPRIV_FK") VALUES ('137', '3', '16');
INSERT INTO "USER_PRIVILEGE_USERS" ("UPRIV_USERS_ID", "UPRIV_USERS_UACC_FK", "UPRIV_USERS_UPRIV_FK") VALUES ('221', '1', '62');
INSERT INTO "USER_PRIVILEGE_USERS" ("UPRIV_USERS_ID", "UPRIV_USERS_UACC_FK", "UPRIV_USERS_UPRIV_FK") VALUES ('139', '3', '18');
INSERT INTO "USER_PRIVILEGE_USERS" ("UPRIV_USERS_ID", "UPRIV_USERS_UACC_FK", "UPRIV_USERS_UPRIV_FK") VALUES ('150', '41', '13');
INSERT INTO "USER_PRIVILEGE_USERS" ("UPRIV_USERS_ID", "UPRIV_USERS_UACC_FK", "UPRIV_USERS_UPRIV_FK") VALUES ('142', '30', '14');
INSERT INTO "USER_PRIVILEGE_USERS" ("UPRIV_USERS_ID", "UPRIV_USERS_UACC_FK", "UPRIV_USERS_UPRIV_FK") VALUES ('143', '1', '21');
INSERT INTO "USER_PRIVILEGE_USERS" ("UPRIV_USERS_ID", "UPRIV_USERS_UACC_FK", "UPRIV_USERS_UPRIV_FK") VALUES ('144', '1', '22');
INSERT INTO "USER_PRIVILEGE_USERS" ("UPRIV_USERS_ID", "UPRIV_USERS_UACC_FK", "UPRIV_USERS_UPRIV_FK") VALUES ('145', '1', '24');
INSERT INTO "USER_PRIVILEGE_USERS" ("UPRIV_USERS_ID", "UPRIV_USERS_UACC_FK", "UPRIV_USERS_UPRIV_FK") VALUES ('147', '5', '12');
INSERT INTO "USER_PRIVILEGE_USERS" ("UPRIV_USERS_ID", "UPRIV_USERS_UACC_FK", "UPRIV_USERS_UPRIV_FK") VALUES ('148', '5', '14');
INSERT INTO "USER_PRIVILEGE_USERS" ("UPRIV_USERS_ID", "UPRIV_USERS_UACC_FK", "UPRIV_USERS_UPRIV_FK") VALUES ('149', '41', '2');
INSERT INTO "USER_PRIVILEGE_USERS" ("UPRIV_USERS_ID", "UPRIV_USERS_UACC_FK", "UPRIV_USERS_UPRIV_FK") VALUES ('151', '41', '14');
INSERT INTO "USER_PRIVILEGE_USERS" ("UPRIV_USERS_ID", "UPRIV_USERS_UACC_FK", "UPRIV_USERS_UPRIV_FK") VALUES ('152', '4', '4');
INSERT INTO "USER_PRIVILEGE_USERS" ("UPRIV_USERS_ID", "UPRIV_USERS_UACC_FK", "UPRIV_USERS_UPRIV_FK") VALUES ('153', '4', '8');
INSERT INTO "USER_PRIVILEGE_USERS" ("UPRIV_USERS_ID", "UPRIV_USERS_UACC_FK", "UPRIV_USERS_UPRIV_FK") VALUES ('201', '3', '24');
INSERT INTO "USER_PRIVILEGE_USERS" ("UPRIV_USERS_ID", "UPRIV_USERS_UACC_FK", "UPRIV_USERS_UPRIV_FK") VALUES ('1', '1', '1');
INSERT INTO "USER_PRIVILEGE_USERS" ("UPRIV_USERS_ID", "UPRIV_USERS_UACC_FK", "UPRIV_USERS_UPRIV_FK") VALUES ('2', '1', '2');
INSERT INTO "USER_PRIVILEGE_USERS" ("UPRIV_USERS_ID", "UPRIV_USERS_UACC_FK", "UPRIV_USERS_UPRIV_FK") VALUES ('3', '1', '3');
INSERT INTO "USER_PRIVILEGE_USERS" ("UPRIV_USERS_ID", "UPRIV_USERS_UACC_FK", "UPRIV_USERS_UPRIV_FK") VALUES ('4', '1', '4');
INSERT INTO "USER_PRIVILEGE_USERS" ("UPRIV_USERS_ID", "UPRIV_USERS_UACC_FK", "UPRIV_USERS_UPRIV_FK") VALUES ('5', '1', '5');
INSERT INTO "USER_PRIVILEGE_USERS" ("UPRIV_USERS_ID", "UPRIV_USERS_UACC_FK", "UPRIV_USERS_UPRIV_FK") VALUES ('6', '1', '6');
INSERT INTO "USER_PRIVILEGE_USERS" ("UPRIV_USERS_ID", "UPRIV_USERS_UACC_FK", "UPRIV_USERS_UPRIV_FK") VALUES ('7', '1', '7');
INSERT INTO "USER_PRIVILEGE_USERS" ("UPRIV_USERS_ID", "UPRIV_USERS_UACC_FK", "UPRIV_USERS_UPRIV_FK") VALUES ('8', '1', '8');
INSERT INTO "USER_PRIVILEGE_USERS" ("UPRIV_USERS_ID", "UPRIV_USERS_UACC_FK", "UPRIV_USERS_UPRIV_FK") VALUES ('9', '1', '9');
INSERT INTO "USER_PRIVILEGE_USERS" ("UPRIV_USERS_ID", "UPRIV_USERS_UACC_FK", "UPRIV_USERS_UPRIV_FK") VALUES ('83', '2', '19');
INSERT INTO "USER_PRIVILEGE_USERS" ("UPRIV_USERS_ID", "UPRIV_USERS_UACC_FK", "UPRIV_USERS_UPRIV_FK") VALUES ('82', '2', '18');
INSERT INTO "USER_PRIVILEGE_USERS" ("UPRIV_USERS_ID", "UPRIV_USERS_UACC_FK", "UPRIV_USERS_UPRIV_FK") VALUES ('104', '7', '6');
INSERT INTO "USER_PRIVILEGE_USERS" ("UPRIV_USERS_ID", "UPRIV_USERS_UACC_FK", "UPRIV_USERS_UPRIV_FK") VALUES ('20', '1', '10');
INSERT INTO "USER_PRIVILEGE_USERS" ("UPRIV_USERS_ID", "UPRIV_USERS_UACC_FK", "UPRIV_USERS_UPRIV_FK") VALUES ('21', '1', '11');
INSERT INTO "USER_PRIVILEGE_USERS" ("UPRIV_USERS_ID", "UPRIV_USERS_UACC_FK", "UPRIV_USERS_UPRIV_FK") VALUES ('24', '1', '15');
INSERT INTO "USER_PRIVILEGE_USERS" ("UPRIV_USERS_ID", "UPRIV_USERS_UACC_FK", "UPRIV_USERS_UPRIV_FK") VALUES ('25', '1', '16');
INSERT INTO "USER_PRIVILEGE_USERS" ("UPRIV_USERS_ID", "UPRIV_USERS_UACC_FK", "UPRIV_USERS_UPRIV_FK") VALUES ('27', '1', '14');
INSERT INTO "USER_PRIVILEGE_USERS" ("UPRIV_USERS_ID", "UPRIV_USERS_UACC_FK", "UPRIV_USERS_UPRIV_FK") VALUES ('28', '1', '13');
INSERT INTO "USER_PRIVILEGE_USERS" ("UPRIV_USERS_ID", "UPRIV_USERS_UACC_FK", "UPRIV_USERS_UPRIV_FK") VALUES ('29', '1', '12');
INSERT INTO "USER_PRIVILEGE_USERS" ("UPRIV_USERS_ID", "UPRIV_USERS_UACC_FK", "UPRIV_USERS_UPRIV_FK") VALUES ('30', '1', '16');
INSERT INTO "USER_PRIVILEGE_USERS" ("UPRIV_USERS_ID", "UPRIV_USERS_UACC_FK", "UPRIV_USERS_UPRIV_FK") VALUES ('31', '1', '14');
INSERT INTO "USER_PRIVILEGE_USERS" ("UPRIV_USERS_ID", "UPRIV_USERS_UACC_FK", "UPRIV_USERS_UPRIV_FK") VALUES ('32', '1', '10');
INSERT INTO "USER_PRIVILEGE_USERS" ("UPRIV_USERS_ID", "UPRIV_USERS_UACC_FK", "UPRIV_USERS_UPRIV_FK") VALUES ('33', '1', '11');
INSERT INTO "USER_PRIVILEGE_USERS" ("UPRIV_USERS_ID", "UPRIV_USERS_UACC_FK", "UPRIV_USERS_UPRIV_FK") VALUES ('34', '1', '12');
INSERT INTO "USER_PRIVILEGE_USERS" ("UPRIV_USERS_ID", "UPRIV_USERS_UACC_FK", "UPRIV_USERS_UPRIV_FK") VALUES ('35', '1', '13');
INSERT INTO "USER_PRIVILEGE_USERS" ("UPRIV_USERS_ID", "UPRIV_USERS_UACC_FK", "UPRIV_USERS_UPRIV_FK") VALUES ('36', '1', '16');
INSERT INTO "USER_PRIVILEGE_USERS" ("UPRIV_USERS_ID", "UPRIV_USERS_UACC_FK", "UPRIV_USERS_UPRIV_FK") VALUES ('37', '1', '14');
INSERT INTO "USER_PRIVILEGE_USERS" ("UPRIV_USERS_ID", "UPRIV_USERS_UACC_FK", "UPRIV_USERS_UPRIV_FK") VALUES ('38', '1', '13');
INSERT INTO "USER_PRIVILEGE_USERS" ("UPRIV_USERS_ID", "UPRIV_USERS_UACC_FK", "UPRIV_USERS_UPRIV_FK") VALUES ('67', '888', '1');
INSERT INTO "USER_PRIVILEGE_USERS" ("UPRIV_USERS_ID", "UPRIV_USERS_UACC_FK", "UPRIV_USERS_UPRIV_FK") VALUES ('40', '2', '5');
INSERT INTO "USER_PRIVILEGE_USERS" ("UPRIV_USERS_ID", "UPRIV_USERS_UACC_FK", "UPRIV_USERS_UPRIV_FK") VALUES ('41', '1', '17');
INSERT INTO "USER_PRIVILEGE_USERS" ("UPRIV_USERS_ID", "UPRIV_USERS_UACC_FK", "UPRIV_USERS_UPRIV_FK") VALUES ('93', '2', '12');
INSERT INTO "USER_PRIVILEGE_USERS" ("UPRIV_USERS_ID", "UPRIV_USERS_UACC_FK", "UPRIV_USERS_UPRIV_FK") VALUES ('43', '1', '18');
INSERT INTO "USER_PRIVILEGE_USERS" ("UPRIV_USERS_ID", "UPRIV_USERS_UACC_FK", "UPRIV_USERS_UPRIV_FK") VALUES ('113', '41', '1');
INSERT INTO "USER_PRIVILEGE_USERS" ("UPRIV_USERS_ID", "UPRIV_USERS_UACC_FK", "UPRIV_USERS_UPRIV_FK") VALUES ('45', '1', '19');
INSERT INTO "USER_PRIVILEGE_USERS" ("UPRIV_USERS_ID", "UPRIV_USERS_UACC_FK", "UPRIV_USERS_UPRIV_FK") VALUES ('94', '2', '14');
INSERT INTO "USER_PRIVILEGE_USERS" ("UPRIV_USERS_ID", "UPRIV_USERS_UACC_FK", "UPRIV_USERS_UPRIV_FK") VALUES ('181', '1', '41');
INSERT INTO "USER_PRIVILEGE_USERS" ("UPRIV_USERS_ID", "UPRIV_USERS_UACC_FK", "UPRIV_USERS_UPRIV_FK") VALUES ('102', '7', '16');
INSERT INTO "USER_PRIVILEGE_USERS" ("UPRIV_USERS_ID", "UPRIV_USERS_UACC_FK", "UPRIV_USERS_UPRIV_FK") VALUES ('182', '3', '17');
INSERT INTO "USER_PRIVILEGE_USERS" ("UPRIV_USERS_ID", "UPRIV_USERS_UACC_FK", "UPRIV_USERS_UPRIV_FK") VALUES ('56', '1', '23');
INSERT INTO "USER_PRIVILEGE_USERS" ("UPRIV_USERS_ID", "UPRIV_USERS_UACC_FK", "UPRIV_USERS_UPRIV_FK") VALUES ('57', '1', '20');
INSERT INTO "USER_PRIVILEGE_USERS" ("UPRIV_USERS_ID", "UPRIV_USERS_UACC_FK", "UPRIV_USERS_UPRIV_FK") VALUES ('114', '41', '17');
INSERT INTO "USER_PRIVILEGE_USERS" ("UPRIV_USERS_ID", "UPRIV_USERS_UACC_FK", "UPRIV_USERS_UPRIV_FK") VALUES ('101', '7', '11');
INSERT INTO "USER_PRIVILEGE_USERS" ("UPRIV_USERS_ID", "UPRIV_USERS_UACC_FK", "UPRIV_USERS_UPRIV_FK") VALUES ('108', '7', '14');
INSERT INTO "USER_PRIVILEGE_USERS" ("UPRIV_USERS_ID", "UPRIV_USERS_UACC_FK", "UPRIV_USERS_UPRIV_FK") VALUES ('109', '3', '2');
INSERT INTO "USER_PRIVILEGE_USERS" ("UPRIV_USERS_ID", "UPRIV_USERS_UACC_FK", "UPRIV_USERS_UPRIV_FK") VALUES ('117', '41', '23');


INSERT INTO "USER_PRIVILEGES" ("UPRIV_ID", "UPRIV_NAME", "UPRIV_DESC") VALUES ('62', 'View Account Opening', 'User can view account opening');
INSERT INTO "USER_PRIVILEGES" ("UPRIV_ID", "UPRIV_NAME", "UPRIV_DESC") VALUES ('1', 'View Users', 'User can view user account details.');
INSERT INTO "USER_PRIVILEGES" ("UPRIV_ID", "UPRIV_NAME", "UPRIV_DESC") VALUES ('2', 'View User Groups', 'User can view user groups.');
INSERT INTO "USER_PRIVILEGES" ("UPRIV_ID", "UPRIV_NAME", "UPRIV_DESC") VALUES ('3', 'View Privileges', 'User can view privileges.');
INSERT INTO "USER_PRIVILEGES" ("UPRIV_ID", "UPRIV_NAME", "UPRIV_DESC") VALUES ('4', 'Insert User Groups', 'User can insert new user groups.');
INSERT INTO "USER_PRIVILEGES" ("UPRIV_ID", "UPRIV_NAME", "UPRIV_DESC") VALUES ('5', 'Insert Privileges', 'User can insert privileges.');
INSERT INTO "USER_PRIVILEGES" ("UPRIV_ID", "UPRIV_NAME", "UPRIV_DESC") VALUES ('6', 'Update Users', 'User can update user account details.');
INSERT INTO "USER_PRIVILEGES" ("UPRIV_ID", "UPRIV_NAME", "UPRIV_DESC") VALUES ('7', 'Update User Groups', 'User can update user groups.');
INSERT INTO "USER_PRIVILEGES" ("UPRIV_ID", "UPRIV_NAME", "UPRIV_DESC") VALUES ('8', 'Update Privileges', 'User can update user privileges.');
INSERT INTO "USER_PRIVILEGES" ("UPRIV_ID", "UPRIV_NAME", "UPRIV_DESC") VALUES ('9', 'Delete Users', 'User can delete user accounts.');
INSERT INTO "USER_PRIVILEGES" ("UPRIV_ID", "UPRIV_NAME", "UPRIV_DESC") VALUES ('10', 'Delete User Groups', 'User can delete user groups.');
INSERT INTO "USER_PRIVILEGES" ("UPRIV_ID", "UPRIV_NAME", "UPRIV_DESC") VALUES ('11', 'Delete Privileges', 'User can delete user privileges.');
INSERT INTO "USER_PRIVILEGES" ("UPRIV_ID", "UPRIV_NAME", "UPRIV_DESC") VALUES ('12', 'View Devices', 'User can view devices');
INSERT INTO "USER_PRIVILEGES" ("UPRIV_ID", "UPRIV_NAME", "UPRIV_DESC") VALUES ('13', 'Insert Devices', 'User can insert a new device');
INSERT INTO "USER_PRIVILEGES" ("UPRIV_ID", "UPRIV_NAME", "UPRIV_DESC") VALUES ('14', 'Update Devices', 'Users can update devices');
INSERT INTO "USER_PRIVILEGES" ("UPRIV_ID", "UPRIV_NAME", "UPRIV_DESC") VALUES ('16', 'View Holidays', 'User can view system holiday dates');
INSERT INTO "USER_PRIVILEGES" ("UPRIV_ID", "UPRIV_NAME", "UPRIV_DESC") VALUES ('17', 'Do Account Opening', 'User can do account opening');
INSERT INTO "USER_PRIVILEGES" ("UPRIV_ID", "UPRIV_NAME", "UPRIV_DESC") VALUES ('18', 'View Audits', 'User can view audit trail');
INSERT INTO "USER_PRIVILEGES" ("UPRIV_ID", "UPRIV_NAME", "UPRIV_DESC") VALUES ('19', 'Request OTPs', 'User can request OTP');
INSERT INTO "USER_PRIVILEGES" ("UPRIV_ID", "UPRIV_NAME", "UPRIV_DESC") VALUES ('20', 'View Transactions', 'User can view transactions');
INSERT INTO "USER_PRIVILEGES" ("UPRIV_ID", "UPRIV_NAME", "UPRIV_DESC") VALUES ('21', 'Do Deposit', 'User can do deposit');
INSERT INTO "USER_PRIVILEGES" ("UPRIV_ID", "UPRIV_NAME", "UPRIV_DESC") VALUES ('22', 'Do Withdrawal', 'User can do withdrawal');
INSERT INTO "USER_PRIVILEGES" ("UPRIV_ID", "UPRIV_NAME", "UPRIV_DESC") VALUES ('23', 'Do Balance Enquiry', 'User can do balance enquiry');
INSERT INTO "USER_PRIVILEGES" ("UPRIV_ID", "UPRIV_NAME", "UPRIV_DESC") VALUES ('41', 'View Branches', 'User can view all branches');
INSERT INTO "USER_PRIVILEGES" ("UPRIV_ID", "UPRIV_NAME", "UPRIV_DESC") VALUES ('24', 'View Reports', 'User can view report');


INSERT INTO "USER_PROFILES" ("UPRO_ID", "UPRO_UACC_FK", "UPRO_FIRST_NAME", "UPRO_LAST_NAME", "UPRO_MIDDLE_NAME", "UPRO_STAFF_NO", "UPRO_ACCOUNT_NO", "UPRO_BRANCH_ID") VALUES ('21', '41', 'bami', 'bami', 'bami', 'kanyisola', '09980988282', 'ikeja');
INSERT INTO "USER_PROFILES" ("UPRO_ID", "UPRO_UACC_FK", "UPRO_FIRST_NAME", "UPRO_LAST_NAME", "UPRO_MIDDLE_NAME", "UPRO_STAFF_NO", "UPRO_ACCOUNT_NO", "UPRO_BRANCH_ID") VALUES ('20', '30', 'Mic', 'Michelle', 'St', 'NGNSOLID', 'NGN15677', 'surulere');
INSERT INTO "USER_PROFILES" ("UPRO_ID", "UPRO_UACC_FK", "UPRO_FIRST_NAME", "UPRO_LAST_NAME", "UPRO_MIDDLE_NAME", "UPRO_STAFF_NO", "UPRO_ACCOUNT_NO", "UPRO_BRANCH_ID") VALUES ('22', '42', 'gabby', 'david', 'adeseun', 'phb', '0097555200', 'sokoto');
INSERT INTO "USER_PROFILES" ("UPRO_ID", "UPRO_UACC_FK", "UPRO_FIRST_NAME", "UPRO_LAST_NAME", "UPRO_MIDDLE_NAME", "UPRO_STAFF_NO", "UPRO_ACCOUNT_NO", "UPRO_BRANCH_ID") VALUES ('19', '29', 'Zere', 'Yussuf', 'Mazara', 'PAM', 'PAM', 'ilupeju');
INSERT INTO "USER_PROFILES" ("UPRO_ID", "UPRO_UACC_FK", "UPRO_FIRST_NAME", "UPRO_LAST_NAME", "UPRO_MIDDLE_NAME", "UPRO_STAFF_NO", "UPRO_ACCOUNT_NO", "UPRO_BRANCH_ID") VALUES ('4', '1', 'Adewale', 'Afolabi', 'Mazara', '139091', '1234567', 'ilupeju');
INSERT INTO "USER_PROFILES" ("UPRO_ID", "UPRO_UACC_FK", "UPRO_FIRST_NAME", "UPRO_LAST_NAME", "UPRO_MIDDLE_NAME", "UPRO_STAFF_NO", "UPRO_ACCOUNT_NO", "UPRO_BRANCH_ID") VALUES ('5', '3', 'Sola', 'Afolabi', 'iko', '139092', 'NGN456238799', 'okeodo');
INSERT INTO "USER_PROFILES" ("UPRO_ID", "UPRO_UACC_FK", "UPRO_FIRST_NAME", "UPRO_LAST_NAME", "UPRO_MIDDLE_NAME", "UPRO_STAFF_NO", "UPRO_ACCOUNT_NO", "UPRO_BRANCH_ID") VALUES ('6', '4', 'sss', 'sss', 'sss', 'sss', '0035540510', 'victoria island');
INSERT INTO "USER_PROFILES" ("UPRO_ID", "UPRO_UACC_FK", "UPRO_FIRST_NAME", "UPRO_LAST_NAME", "UPRO_MIDDLE_NAME", "UPRO_STAFF_NO", "UPRO_ACCOUNT_NO", "UPRO_BRANCH_ID") VALUES ('7', '5', 'Huston', 'Yankee', 'Dallas', 'Zulu', '0024221000', 'ikeja');
INSERT INTO "USER_PROFILES" ("UPRO_ID", "UPRO_UACC_FK", "UPRO_FIRST_NAME", "UPRO_LAST_NAME", "UPRO_MIDDLE_NAME", "UPRO_STAFF_NO", "UPRO_ACCOUNT_NO", "UPRO_BRANCH_ID") VALUES ('8', '6', 'ishola', 'madigwue', 'ibarahim', '12321', null, 'oshodi');
INSERT INTO "USER_PROFILES" ("UPRO_ID", "UPRO_UACC_FK", "UPRO_FIRST_NAME", "UPRO_LAST_NAME", "UPRO_MIDDLE_NAME", "UPRO_STAFF_NO", "UPRO_ACCOUNT_NO", "UPRO_BRANCH_ID") VALUES ('9', '2', 'Ishola', 'lamboz', 'shalba', '3200', '4440', 'ibadan');
INSERT INTO "USER_PROFILES" ("UPRO_ID", "UPRO_UACC_FK", "UPRO_FIRST_NAME", "UPRO_LAST_NAME", "UPRO_MIDDLE_NAME", "UPRO_STAFF_NO", "UPRO_ACCOUNT_NO", "UPRO_BRANCH_ID") VALUES ('10', '7', 'Dembaba', 'Ishola', 'Kolapo', '1234568', '0445231322', 'ijebu');





